,Flagging Commits
chromium/chromium,6853
torvalds/linux,4839
git-portage/git-portage,2762
obache/nul,1970
nelsonomuto/test-complexity,1368
lyx2014/Asterisk,1162
piyawad/test1,1127
witwall/icu46,936
instructure/canvas-lms,892
rust-lang/rust,841
llvm-project/llvm-project-20170507,774
kubernetes/kubernetes,760
dimagi/commcare-hq,669
sambler/myblender,662
webrtc-uwp/chromium-tools,625
LibreOffice/core,614
CTSRD-CHERI/cheribsd,568
Automattic/wp-calypso,556
marco-c/gecko-dev-wordified,555
aosp-mirror/platform_frameworks_base,547
jyin0813/OpenBSD-src,520
ijc/devicetree-conversion-state-v1,488
live-clones/launchpad,483
gitlabhq/gitlabhq,461
llvm-mirror/llvm,454
navsystem/gentoo-portage,436
frida/v8,424
suitabletech/webrtc_src_third_party,390
CodeNow/runnable-angular,386
yaomeiguan/epiphany-sourceware,383
oa-ok/binfilter,379
geogebra/geogebra,377
juju/juju,370
guix-mirror/guix,370
IIJ-NetBSD/netbsd-src,360
davidswelt/aquamacs-emacs-pre2015,354
79man/asan,342
freebsd/freebsd-ports-gnome,340
bazelbuild/bazel,338
sohaibayub/llvm_openmp,335
stonedpebbles/inventory-check,331
wordpress-mobile/WordPress-iOS,325
chapel-lang/chapel,322
PuniCZ/soulcore,322
wzrdtales/tdb,317
openstack/openstack,300
rogerwang/WebKit_trimmed,284
project-draco-hr/platform_frameworks_base,283
toggle-corp/react-store,278
bminor/mesa-mesa,277
edx/edx-platform,273
hypothesis/h,269
hisilicon/qemu,255
oyvindberg/ScalablyTyped,249
emberjs/ember.js,240
sees2012/chromium-src-chrome-browser,239
lbhli/build,233
lupapiste/lupapiste,225
tarunprabhu/DragonEgg,225
CartoDB/cartodb,220
1480c1/aom,214
samba-team/samba,211
mvanotti/fuchsia-mirror,209
macports/macports-ports,206
around-media/ue4-fork-4.24,205
wikimedia/mediawiki-extensions,200
dart-lang/sdk,200
MoliumOS/chromiumos-overlay,200
alphagov/govuk-puppet,198
CleverRaven/Cataclysm-DDA,196
starlingx-staging/stx-nova,194
linux-mailinglist-archives/linux-kernel.vger.kernel.org.0,193
AOSPSubstratum/packages_apps_Settings,193
ceph/ceph,189
webrtcmirrors/chromium_src_ios,187
tklengyel/xen,184
chapuni/llvm-project-submodule,183
marii-moe/swift,181
raonix-github/openwrt,180
blipvert/macports-svn,180
Moguri/blender-old,179
DragonFlyBSD/DragonFlyBSD,178
gc-plp/dpdk,178
cfpb/cfgov-refresh,178
vespa-engine/vespa,174
SIGLUS/lmis-moz-mobile,174
Factlink/factlink-core,174
scummvm/scummvm,173
llvm-mirror/clang,172
Briann2019ph/Android-Build,170
getsentry/sentry,170
svn2github/hdf5,170
halfline/rhel7,164
mutoso-mirrors/linux-historical,164
tianocore/edk2,163
webrtc-uwp/chromium-testing,161
guardian/frontend,161
cms-sw/cmssw,160
sharetribe/sharetribe,160
joker-eph/clangllvm,157
colemickens/sommelier,155
keybase/client,152
NixOS/nixpkgs,150
1095811981/studyCode,149
live-clones/hdf5,149
dantehemerson/gitter-webap-mirror,147
ponycheng0/net,146
fkjellberg/haproxy,145
Homebrew/linuxbrew-core,143
Robbbert/hbmame,143
ghc/ghc,142
natcoder/ReactOS,139
tyler569/go-nightingale,139
libvirt/libvirt,138
department-of-veterans-affairs/vets-website,138
reactos/reactos,135
hmrc/vat-sign-up-frontend,133
docker/docker-ce,133
facebook/hhvm,132
Zimbra/zm-mailbox,130
GNOME/empathy,130
department-of-veterans-affairs/caseflow,129
ets-berkeley-edu/calcentral,129
kraj/poky,129
rashadkm/grass_cmake,128
Aperta-project/Aperta,128
circleci/frontend,124
AtomCommunity/hardware_qcom_audio-caf_sm8150,124
cloudfoundry/cloud_controller_ng,123
juju/juju-gui,123
SAP/openui5,121
yasuoka/openbsd-uefi,119
orumin/openbsd-efivars,119
videolan/vlc,119
cockroachdb/cockroach-gen,118
franbow/shopware,118
desktop/desktop,117
zxcpoiu/chromium_ffmpeg,117
Perl/perl5,117
facebook/react,116
GNOME/mutter,116
JetBrains/android,116
VisualComposer/builder,116
JGRennison/OpenTTD-patches,115
jcurry2018/ALMAppCatalog,114
naftaliharris/tauthon,114
Enlightenment/efl,112
moneyadviceservice/frontend,112
haiku/haiku,112
jpxiong/chromium-media,111
reddit-archive/reddit,111
wmanley/gst-combined,110
iomintz/thumbnail-finder,110
UniversityofWarwick/tabula,109
mono/mono,108
discourse/discourse,107
moneyadviceservice/mas-cms-client,106
Wikia/app,105
pavithracjs/atlassian-ui-library,104
roytam1/mozilla-cvs-history,101
pohly/chromiumos-overlays-board-overlays,101
ehsan/mozilla-cvs-history,100
openjdk/shenandoah,100
AOSP-whatever/platform_art,100
smbc-digital/iag-webapp,99
hmcts/probate-frontend,99
Kitware/CMake,99
KaurAvneet/Oculo,99
qt/qtbase,99
pscedu/slash2-stable,98
gocd/gocd,98
greenplum-db/gpdb,98
kangdroid-project/platform_cts,97
Sravan-Devarapalli/Milestone-v0.920,96
nevion/hdf5,96
M4GiK/kamserp-v10,96
PIH/mirebalais-puppet,96
moby/moby,94
Bootleggers-BrokenLab/packages_apps_Launcher3,94
dotnet/roslyn,94
alphagov/whitehall,94
Enalean/tuleap,94
MayAmmar/mbed,94
signalapp/Signal-iOS,93
csulmone/blink,93
simonpcook/llvm-clang-submodulerepo,93
wireshark/wireshark,92
Telecominfraproject/OpenCellular,92
linux-mailinglist-archives/xen-devel.lists.xenproject.org.0,91
EncoreJiang/llvm-go,91
pnickolov/h5-ide,90
wellcometrust/wellcomecollection.org,90
vdm113/wxWidgets-ICC-patch,90
Distrotech/evolution,90
servo/servo,89
HeisenbergKernel/prima,89
ex1876/tensor,89
santosa29/Pruebas3_Power-BI,89
Xyratex/lustre-stable,89
E3SM-Project/ACME-ECP,88
Yoast/wordpress-seo,86
crawl/crawl,86
EiffelSoftware/EiffelStudio,86
shopware/administration,85
Hydrus-OS/packages_apps_Bluetooth,85
foresthz/op,85
freeciv/freeciv,85
posgnach/gentoo-prefix,84
Unity-Technologies/ScriptableRenderPipeline,84
zephyrproject-rtos/zephyr-testing,84
joyent/pkgsrc-wip,84
oroinc/platform,84
Bit-Nation/BITNATION-Pangea-mobile,84
education/classroom,84
dart-archive/bleeding_edge-DEPRECATED-USE-SDK-INSTEAD,84
MihaZupan/runtime,83
webrtc-uwp/chromium-base,83
kyanha/crystal,83
fabric8-ui/fabric8-ui,83
influxdata/influxdb,83
parrot/parrot,83
shopware/core,83
hlhtddx/android_build_soong,83
letsencrypt/boulder,82
transcom/mymove,82
dovecot/core,82
kubernetes/kops,82
wiredtiger/wiredtiger,82
libfirm/libfirm,82
neo4j/neo4j,82
graalvm/graaljs,81
nholmber/cp2k-cdft-dev,81
ucscGenomeBrowser/kent,80
elastic/elasticsearch,80
OpenModelica/OpenModelica,80
djscott-2019/gtk-frozen,80
shr-project/enlightenment,80
xapi-project/xen-api,80
flutter/engine,79
tgstation/tgstation,79
roblabla/rust-libstd,79
svn2github/ncbi_tk,79
beaulebens/keyring,79
ufoai/ufoai,79
i-o-n/system_bt,78
DoSomething/phoenix,77
wordpress-mobile/WordPress-Android,77
cloudfoundry/cli,77
Kitware/ParaView,77
ampproject/amphtml,76
JetBrains/intellij-community,76
hmrc/amls-frontend,76
rets-ci/wp-rets-client,76
ithaka/aiw-ui,75
indygreg/hg,75
coeligena/homebrew-customized-copy,75
Endle/wine-mirror,75
eclipse/openj9,74
bundler/bundler,74
SuperiorOS/android_external_e2fsprogs,74
winysrj/linux-media,73
CenterForOpenScience/osf.io,73
trilinos/Trilinos,73
ezrec/AROS-mirror,73
koding/koding,73
palliums-developers/PalliumsPOS,72
gentoo-sunrise/sunrise,72
TYPO3/TYPO3.CMS,72
uktrade/great-domestic-ui,72
AOEpeople/TYPO3-Feature-Flag,71
zulip/zulip,71
OpenMS/OpenMS,71
136060150/webrtc,71
fink/fink-distributions,71
kubernetes/apiserver,71
SalesforceFoundation/Cumulus,70
devurandom/ja2,70
ZeitOnline/vivi,70
FRRouting/frr,69
InnovateUKGitHub/innovation-funding-service,69
wikimedia/mediawiki-extensions-MobileFrontend,69
kubernetes/test-infra,69
mdn/kuma,69
istio/istio,68
openbsd/ports,68
OR10/hella,68
SchedMD/slurm,68
CGAL/cgal,68
hmrc/income-tax-subscription-frontend,68
nogtk/my_ruby,67
ibaoger/pdfium,67
apache/mesos,67
carbon-design-system/carbon,67
1500WK1500/u-boot-nexusS,66
hlissner/doom-emacs,66
Grynn/zimbra-mirror,66
scala/scala,66
ub-digit/Koha-build,66
bminor/glibc,65
mozilla/addons-server,65
balika011/helio-x20,64
kubernetes/website,64
michalsc/AROS,64
petsc/petsc,63
JironBach/openproject,63
qgis/QGIS,63
wesnoth/wesnoth,63
qtqa/gerrit,63
bolinfest/plovr,63
linux-mailinglist-archives/qemu-devel.nongnu.org.0,63
tasleson/lvm2,62
axbannaz/vbox,61
alphagov/digitalmarketplace-supplier-frontend,61
cloudfoundry-attic/cf-release,61
thewtex/portage,61
open-xchange/appsuite-frontend,60
Uintah/Uintah_test,60
hopix/detectvfpsizetest,60
BZFlag-Dev/bzflag,60
openshift/origin,60
rspamd/rspamd,60
buildroot/buildroot,60
dbsectrainer/Puppet,59
Saberml/CE,59
percona/percona-xtrabackup,59
eclipse/omr,59
jnunemaker/flipper,58
rust-lang/cargo,58
loomnetwork/loomchain,58
ArduPilot/ardupilot,58
playya/Enlightenment,58
sonaproject/tempest,58
coq/coq,58
mono/monodevelop,57
hello/suripu,57
openzfsonosx/zfs,57
arnt/qt-history2,57
matrix-org/matrix-react-sdk,57
concourse/concourse,57
uktrade/data-hub-frontend,57
gentoo/sci,57
maartenb/cern-root,57
teambit/bit,57
sbc100/native_client,56
xen2/mcs,56
habitat-sh/habitat,56
all-of-us/workbench,55
vszakats/hb,55
svn2github/virtualbox,55
svn2github/OpenTTD,55
pytorch/pytorch,55
pjezek/flag,55
mjgarton/gatemirror,55
gosa-project/gosa-plugins-mit-krb5,54
Intense-M/packages_inputmethods_LatinIME,54
php/php-src,54
llvm-mirror/compiler-rt,54
spinnaker/deck,54
daverigby/kv_engine,54
4teamwork/opengever.core,54
operasoftware/gstreamer,54
DFE-Digital/schools-experience,53
web-platform-tests/wpt,53
newrelic/node-newrelic,53
LabKey/platform,53
Wolverine702/Kibana_6.7,53
blockchain/My-Wallet-V3-Android,53
graalvm/graal-jvmci-8,53
KratosMultiphysics/Kratos,53
emberjs/data,52
cmangos/mangos-wotlk,52
clbr/webkitfltk,52
starseeker/git_conv_test,52
gradle/gradle,52
tine20/tine20,52
openstack/devstack,51
d-graef/kde-knode,51
hmrc/manage-vat-subscription-frontend,51
hjr/XCSoar,51
project-draco-hr/bazel,51
zdenda/aosp_platform_frameworks_support,51
pkgw/radio-astro-casa,51
rstudio/rstudio,51
zalando/nakadi,51
OISF/suricata,51
ZandronumEx/zandronum-mirror,51
scp-fs2open/fs2open.github.com,50
Vizzuality/climate-watch,50
apache/kudu,50
neomutt/neomutt-old,50
ridephysics/px4-firmware,50
NetworkManager/NetworkManager,50
tc39/test262,50
syberia-project/platform_external_skia,49
overleaf/web,49
DestinyItemManager/DIM,49
ofiwg/libfabric,49
KDE/calligra,48
sourcegraph/sourcegraph,48
prysmaticlabs/prysm,48
openSUSE/open-build-service,48
Kitware/VTK,48
rhinstaller/anaconda,48
10sr/gnumeric-gda,48
earl-ducaine/brlcad-mirror,48
edgibbs/test-snapshot,47
yunabe/tslabtypescript,47
telstra/open-kilda,47
SVdotCO/pupilfirst,47
smart-make/boost,47
fecgov/fec-cms,47
twitter/finagle,47
inverse-inc/packetfence,47
Opentrons/opentrons,47
wililupy/snapd,47
openafs/openafs,47
uktrade/data-hub-api,47
BOINC/boinc,47
PD0DIB/Nextion_HAM-radio-screens,47
ORCID/ORCID-Source,47
CortexFoundation/CortexTheseus,47
jwplayer/jwplayer,47
hmrc/pensions-scheme-frontend,46
PIH/openmrs-module-mirebalais,46
Mayvenn/storefront,46
glimpse-editor/Glimpse,46
PandasWS/Pandas,46
open-mpi/ompi,46
readthedocs/readthedocs.org,46
pillarwallet/pillarwallet,46
mattc1170/kernel-source,46
lscsoft/lalsuite,46
biglotteryfund/blf-alpha,46
facebook/react-native,46
alisw/AliPhysics,46
cburschka/lyx,46
titobrasolin/openwrt-feeds-desktop,46
vitessio/vitess,46
fuchsia-rs/topaz-rs,45
cyrusimap/cyrus-imapd,45
Juniper/contrail-controller,45
flutter/flutter,45
lanl/scout,45
Realm667/WolfenDoom,45
gromacs/gromacs,45
MythTV/mythtv,45
devgateway/ocvn,45
laszlojuhasz/hbtest1,45
project-draco-hr/intellij-community,44
korli/adt-tools-base,44
hypothesis/lms,44
uktrade/great-international-ui,44
woocommerce/woocommerce-ios,44
ec-europa/EIC-community,44
jahn/MITgcm-v0,44
darball/ovs_master,44
liferay/liferay-portal,44
mozilla/fxa,44
ministryofjustice/prison-visits-2,44
hmrc/income-tax-view-change-frontend,44
project-draco-hr/elasticsearch,44
ccrpjournal/clinicalresearch,44
artsy/force,44
zalando-incubator/kubernetes-on-aws,44
brunsa2/E-Enterprise-Portal,43
vanilla/vanilla,43
mixxxdj/mixxx,43
wikimedia/operations-mediawiki-config,43
Shucheng0/openssl,43
nightsky87/HM-RIP,43
RIOT-OS/RIOT,43
dvsa/olcs-backend,43
tikiorg/tiki,43
SkillsFundingAgency/das-employerapprenticeshipsservice,43
edom/eclipse,43
serhack/mspaint,43
oz23/kodi,43
symfony/symfony,43
RealDeuce/cvs-synchronet,43
richardmg/qquicklistview,43
kamailio/kamailio,43
Slicer/Slicer,43
linux-mailinglist-archives/linux-xfs.vger.kernel.org.0,42
MicrosoftDocs/azure-docs,42
fecgov/openFEC,42
populationtwo/azure-management-portal,42
tarantool/tarantool,42
linuxmint/cinnamon-spices-applets,42
mongodb/mongo,42
bioconda/bioconda-recipes,42
WordPress/gutenberg,42
jruby/jruby,42
awmaker/awmaker,41
jinwenhui93/radare2,41
oVirt/ovirt-engine,41
dolphin-emu/dolphin,41
NifTK/NifTK,41
uktrade/directory-ui-supplier,41
toggle-corp/chrono,41
sourcemage/grimoire,41
xiuzhifu/fpc,41
backlo/wootube,41
hmcts/div-petitioner-frontend,41
wikimedia/apps-android-wikipedia,41
net-snmp/net-snmp,41
xuguangxin/hm,41
galaxyproject/galaxy,41
openshift/console,40
Financial-Times/n-ui,40
rtavar3s/ansible,40
Elmiria/rus-npc-eA,40
azharawaw/sim,40
lubicke2593/lila_for_gradle_talk,40
replicant4j/replicant,40
hwms/kde-workspace,40
arcnmx/qemu-qapi-filtered,40
mCRL2org/mCRL2,40
systemd/systemd,40
dotleon/qmk_protokol,40
JMRI/JMRI,40
apache/impala,40
tablexi/nucore-open,40
widelands/widelands-old,40
NYPL/dgx-header-component,40
AryToNeX/android_frameworks_opt_net_wifi,40
phacility/phabricator,40
gentoo-mirror/maggu2810-overlay,40
Yoast/javascript,40
travis-ci/travis-api,39
felixonmars/archlinux-packages,39
mjharkin/Xpra,39
hmrc/vat-summary-frontend,39
jpflori/pari,39
Mercury-Language/mercury,39
MonetDB/MonetDB,39
hmrc/mobile-help-to-save,39
rafaeljesus/newww,39
Zimbra/zm-web-client,39
CoprHD/coprhd-controller,39
spdk/spdk,39
linux-mailinglist-archives/linux-arm-kernel.lists.infradead.org.0,39
opennode/waldur-homeport,39
RiseOS/platform_bionic,38
merothh/telephony,38
TYPO3-CMS/core,38
OpenMW/openmw,38
opencv/opencv,38
Tenderly/tenderly-dashboard,38
Rjlmota/contiki-iotlab,38
OpenRCT2/OpenRCT2,38
tokio-rs/tracing,38
patscott/gambit_1.2,38
Ashwin7mak/qbui,38
dialogs/api-schema,38
hubologist/geomancer,38
neovim/neovim,38
wikimedia/puppet,38
michaelkm03/Fastlane,37
navikt/modiapersonoversikt,37
Organisation11/next-article,37
SixTrack/SixTrack,37
freeorion/freeorion,37
MPAS-Dev/MPAS-Model,37
stewartsmith/drizzle,37
ghent360/bluez,37
open-company/open-company-web,37
MircomBAS/vscode,37
bmwiedemann/xpra,37
DFEAGILEDEVOPS/MTC,37
seeleteam/go-seele,37
hmrc/pension-administrator-frontend,37
gentoo-haskell/gentoo-haskell,37
project-draco-hr/platform_packages_apps_settings,37
Heather/gentoo-gnome,37
onap/doc,37
kaplanlior/debian-installer,37
sowawa/mediawiki-svn,37
simpledotorg/simple-android,37
Ackis/AckisRecipeList,36
macvim-dev/macvim,36
AsafRollout/iac3,36
freesurfer/freesurfer,36
spafka/spark,36
numpy/numpy,36
pchaigno/strace,36
fish-shell/fish-shell,36
arx/ArxLibertatis,36
fdecampredon/jsx-typescript-old-version,36
osandov/xfsprogs,36
Gnucash/gnucash,36
dtbartle/glibc-opensolaris,36
habitat-sh/builder,36
alphagov/pay-connector,36
dealii/dealii,36
JRMeyer/chuvash-digits-kaldi,36
webplatform/docs,36
CenterForOpenScience/ember-osf-web,35
mailpoet/mailpoet,35
samuelbetio/dGitFile,35
uranix/ghostpdl,35
openfoodfoundation/openfoodnetwork,35
titobrasolin/openwrt-feeds-xfce,35
openstack/cinder,35
cevoaustralia/cevoaustralia.github.io,35
facebook/buck,35
firefox-devtools/debugger,35
JulNadeauCA/libagar,35
fecgov/openFEC-web-app,35
qt-creator/qt-creator,35
emilianbold/main-silver,35
openshiftio/saas-openshiftio,35
opendaylight/releng-autorelease,35
erlang/otp,35
TryGhost/Ghost,35
amarts/glusterfs,35
hmrc/self-assessment-api-legacy,35
mozilla/hubs,35
gardener/gardener,35
pmodels/mpich,34
ssj-gz/emscripten-kdelibs,34
Automattic/jetpack,34
udbhav-chugh/gem5_simulator,34
travis-ci/travis-web,34
toolkit-for-ynab/toolkit-for-ynab,34
Bit-Nation/panthalassa,34
dimagi/commcare-android,34
mdn/browser-compat-data,34
hmrc/vat-sign-up,34
alphagov/pay-selfservice,34
User4martin/lazarus,34
detrout/debian-krb5,34
neuropoly/spinalcordtoolbox,34
halide/Halide,34
oherik/Waft,34
mantidproject/mantid,34
SparkPost/2web2ui,34
elginsk8r/android_device_qcom_msmnile,34
savi-dev/melange,34
gzenux/rtems,34
xcat2/xcat-core,34
scylladb/scylla,34
salesforce/refocus,34
Amsterdam/atlas,34
toggle-corp/worldvision-dvs,33
kuali/kc,33
OpenConext/OpenConext-engineblock,33
percy/percy-web,33
linux-mailinglist-archives/intel-gfx.lists.freedesktop.org.0,33
smook1980/sourcegraph,33
Sciumo/arb,33
Anivice/nautilus-fork,33
RekGRpth/389-ds-base,33
alishir/google-dialer,33
ethz-asl/map_api,33
jsbin/jsbin,33
CZ-NIC/turris-os-packages,33
oroinc/orocommerce,33
pachyderm/pachyderm,33
DFE-Digital/get-help-to-retrain,33
eciis/web,33
UKHomeOffice/drt-v2,33
angular/components,33
OpenNebula/one,33
dirty-bits/uni-bites,33
jwilk-mirrors/xpra,33
dbdxnuliba/IHMC-,32
dCache/dcache,32
kingbri-personal-rom/android_device_google_marlin,32
ntpsec/ntpsec,32
jcrigby/ea,32
Vizzuality/trase,32
sugarmanz/ctypeslib,32
magnumdoomguy/skin.aeon.nox.5,32
hayate891/crossfire-rpg,32
hfp/libxsmm,32
boostorg/build,32
rainaby/dyninst,32
aljudai/myDemo,32
BitconFeng/Deep-Feature-video,32
111Online/web-stack,32
evergreen-library-system/Evergreen,32
qq3884/KRSense,32
cedardevs/onestop,32
jack1243star/TQET30,32
Eloston/ungoogled-chromium,32
jsoby/mediawiki-trunk-extensions,32
wxUSA/httpd-centos,32
snps-virtualprototyping/unicorn,32
zabbix/zabbix,32
rockchip-linux/xserver,32
hannobraun/vndf,31
qinwang/boost,31
blueboxgroup/ursula,31
fordfrog/proaudio,31
kaltsi/qt-mobility,31
ReloadedOS/android_packages_apps_Contacts,31
wanderlust/wanderlust,31
neos/neos-development-collection,31
OpenAutomationTechnologies/openPOWERLINK_V2,31
AgileVentures/LocalSupport,31
NuGet/NuGetGallery,31
kubevirt/kubevirt,31
DLR-RM/RAFCON,31
briansmith/ring,31
foot-marker/webrtc2,31
erdincay/opal-voip,31
shopgate/pwa,31
GoogleCloudPlatform/PerfKitBenchmarker,31
adil-mafzool/freeswitch,31
utkuobuz/Fuchsia,31
Sphereserver/Source,31
mozillazg/pypy,31
svn2github/fs2open,31
breezy-team/breezy,31
haskell/cabal,31
gpg/libgcrypt,31
sofa-framework/sofa,31
allenh1/funtoo-proaudio-overlay,31
rockowitz/ddcutil,30
linux-mailinglist-archives/amd-gfx.lists.freedesktop.org.0,30
ecmwf/ecbuild,30
assemblymade/meta,30
geoschem/geos-chem,30
sendwithus/competencies,30
tokio-rs/tokio,30
nfs-ganesha/nfs-ganesha,30
InvictrixRom/packages_services_Telephony,30
helm/helm,30
zzzeek/sqlalchemy,30
spack/spack,30
kubernetes/minikube,30
PaddlePaddle/Paddle,30
hpcc-systems/HPCC-Platform,30
Financial-Times/next-syndication-api,30
chadversary/chromiumos.platform.login_manager,30
department-of-veterans-affairs/vets-api,30
shangbo/soul-admin,30
18F/identity-idp,30
AdaCore/gps,30
andela/nazgul-rc,30
jenkins-x/jx,30
apparentlymart/livejournal,30
akvo/akvo-lumen,30
vpp-dev/vpp,30
SkillsFundingAgency/das-search,29
particle-iot/device-os,29
nmc-probe/emulab-portal,29
ballerina-platform/ballerina-lang,29
tensorflow/models,29
AggieAir/pprz-icuas2016,29
infinispan/infinispan,29
JetBrains/kotlin,29
nawawi/busybox,29
linux-test-project/ltp,29
LeithKetchell/UrhoMaster,29
Switch-Software-Solutions/inconcert-best-bank,29
svn2github/bochs,29
plentymarkets/terra-components,29
x-wrt/packages,29
arete/t2,29
sajanki/unleashed,29
liferay/clay,29
chpladmin/chpl-website,29
TheThingsNetwork/lorawan-stack,29
llvm-mirror/lldb,29
phpbb/area51-phpbb3,29
SkillsFundingAgency/CalculateFunding-Common,29
rust-lang/reference,29
alphagov/content-publisher,29
ome/openmicroscopy,29
pentoo/pentoo-overlay,29
RetroShare/RetroShare,29
Zimbra/zm-timezones,29
Karan-nassa/MHSystems,29
gonicus/qooxdoo,29
a-sf-mirror/deng,29
strongloop/strong-arc,29
dxx-rebirth/dxx-rebirth,29
betagouv/demarches-simplifiees.fr,29
gabeharms/firestorm,29
artsy/reaction,29
linode/manager,29
crdschurch/crds-gateway-legacy,29
JuliaLang/julia,29
llvm-project/lld,29
FreeRADIUS/freeradius-server,28
Ivo-Maffei/DistanceRegular,28
simpledotorg/simple-server,28
raster-foundry/raster-foundry,28
MP-Gadget/MP-Gadget,28
radar-da-saude/plataform-client,28
materials-commons/materialscommons.org,28
triplea-game/triplea,28
AnCaPepe/Scilab-OpenModelica-Integration,28
brave/brave-ios,28
webex/webex-js-sdk,28
xinfangXXF/pouch-master,28
NickMcConnell/FirstAgeAngband,28
josephsl/stationPlaylist,28
shamgo/Theano,28
Lakhtenkov-iv/salt,28
hashn0n/gentoo-x-local,28
cloudsoftnew/claims,28
gemrb/gemrb,28
0ad/0ad,28
rethinkdb/rethinkdb,28
peter-vanpoucke/z-push,28
NOAA-PMEL/PyFerret,28
project-draco-hr/gocd,28
flux-framework/flux-core,28
freifunk-gluon/gluon,28
openenclave/openenclave,28
wireapp/wire-ios,28
betaflight/betaflight,28
openscholar/openscholar,27
Nosto/nosto-magento,27
rails/rails,27
Ensembl/zmap,27
Enlightenment/enlightenment,27
wikimedia/oojs-ui,27
edx/edx-app-android,27
mangroveorg/datawinners,27
zooniverse/Panoptes,27
zeit/now,27
ChatLounge/ChatServices,27
mesosphere/marathon,27
FluxAugur/machination,27
hmrc/voa-property-linking-frontend,27
crowbar/crowbar-openstack,27
gentoo-mirror/java,27
sutajiokousagi/openembedded,27
devdnl/dnx-rtos,27
UIUC-PPL/charm,27
rclone/rclone,27
hmrc/off-payroll-frontend,27
tcltk/tcl,27
dago/opencsw,27
etcd-io/etcd,27
daporter/emacs-config,27
DFE-Digital/teacher-vacancy-service,27
TechnicalPursuit/TIBET,27
dotnet/corefx,27
gem/oq-engine,27
borglab/gtsam,27
orsonteodoro/oiledmachine-overlay,27
wikimedia/wikipedia-ios,27
arangodb/arangodb,27
garmin/meta-qti-bsp,27
natcap/rangeland_production,27
Ardour/ardour,27
tdeekens/flopflip,27
rundeck/rundeck,27
toggle-corp/dfid,27
mongodb-js/compass,27
Subsurface-divelog/subsurface,26
savoirfairelinux/ring-daemon,26
mikedelong/structured-text-cloud,26
nibalizer/openstack-infra-combined,26
hashicorp/terraform,26
cid-harvard/atlas-subnational-frontend,26
brave/brave-core,26
Cloudxtreme/StitchNetOS-xorp,26
openstack/openstack-manuals,26
sdl/ISHDeploy,26
cilium/cilium,26
hmrc/view-vat-returns-frontend,26
michaelmusty/.dotfiles,26
grafana/grafana,26
eclipse/osee,26
metabrainz/musicbrainz-server,26
Augmint/augmint-web,26
gpg/gnupg,26
qqyfly/attitude_adjustment,26
commercetools/merchant-center-application-kit,26
mayodtit/RHSMocker,26
tieto/sipe,26
adblockplus/chromium-src-tools-clang,26
linux-mailinglist-archives/dri-devel.lists.freedesktop.org.0,26
ibab/lhcb-software,26
Kalimaha/flatmates-switch,26
cbrownstein/tails,26
lesgo-jhu/lesgo,26
Wave-Project/hardware_interfaces,26
horde/horde,26
PCSX2/pcsx2,26
x10-lang/x10,26
pentoo/pentoo-historical,26
cultuurnet/udb3-silex,26
dlang/dmd,26
bachingo/TF2Vintage,26
rockchip-android/external-autotest,26
WikiEducationFoundation/WikiEduDashboard,26
rabbitmq/rabbitmq-server,26
mysociety/alaveteli,26
scalableminds/webknossos,26
seggil/warciv,26
titobrasolin/openwrt-feeds-efl,25
Neufund/platform-frontend,25
szakats/bzflag_mirror,25
Roblox/Core-Scripts,25
rajukv/bochs,25
gfx-rs/gfx,25
openstack/interop,25
gentoo-mirror/qt,25
csulmone/skia,25
KDE/kdevelop,25
edx/configuration,25
gooroom/gooroom-grub,25
GNOME/balsa,25
svn2github/FS2Open_Trunk,25
MyBitFoundation/MyBit-UI-Toolkit.app,25
anupash/privseams,25
espressomd/espresso,25
skocjan/kicad_initialconditions,25
atom/atom,25
edward6/reiser4progs,25
vmangos/core,25
SLAC/slac-gtw,25
bbc/simorgh,25
onedata/oneclient,25
olafhering/pidgin,25
ReaTeam/ReaScripts,25
tome2/tome2,25
emacsmirror/lilypond,25
SkillsFundingAgency/das-providerapprenticeshipsservice,25
HexagonRom/android_packages_apps_Email,25
Partmedia/crossfire-server,25
elastic/beats,25
jositux/gimp,25
axd1967/DGS,25
18F/C2,25
libertine-linux-mirrors/bison,25
SelfKeyFoundation/Identity-Wallet,25
jaredforth/swipl-devel,25
lunar-linux/moonbase-other,25
quantcast/qfs,25
flatcar-linux/scripts,25
titobrasolin/openwrt-feeds-lxde,25
atmtools/arts,25
Warzone2100/warzone2100,25
crdschurch/crds-signin-checkin,25
chadjoan/mailutils,25
planctus/europa,25
univention/univention-corporate-server,25
martin-hughes/azalea_acpica,25
SecureAuthCorp/Configurations,25
natcap/pygeoprocessing,25
lightningnetwork/lnd,25
frantony/barebox,25
finnishtransportagency/mmtis-national-access-point,25
highfidelity/hifi,25
Unleash/unleash-frontend,25
hmrc/agent-invitations-frontend,25
titobrasolin/openwrt-feeds-phone,25
Switch-Software-Solutions/agenda-mutualista,25
joomla-projects/gsoc19_webservices,25
dart-archive/eclipse3,25
cloudfoundry/istio-release,24
star-bnl/star-cvs,24
paritytech/parity-ethereum,24
joegen/opalvoip-ptlib,24
husnulmarahhasan/gepos,24
autoscatto/retroshare,24
agda/agda,24
apache/cloudstack,24
ministryofjustice/c100-application,24
aptible/dashboard.aptible.com,24
consul/consul,24
alphagov/limelight,24
ManaPlus/ManaPlus,24
libgit2/libgit2,24
vincenzpost/AssurityPOC,24
newell/pcb-rnd,24
aex-tmp/platform_packages_apps_DeskClock,24
control-center/serviced,24
rfjakob/gocryptfs,24
crdschurch/crds-groups,24
avilleret/mrpeach,24
MidnightCommander/mc,24
dajobe/raptor,24
studentinsights/studentinsights,24
openstax/tutor-js,24
DoSomething/northstar,24
structr/structr,24
htcondor/htcondor,24
totaam/xpra-html5,24
ndowens/localvoid-pkg,24
stinsonga/elpa-mirror,24
project-draco-hr/gradle,24
built1n/rockbox,24
boberfly/cycles,24
Vizzuality/gfw,24
svn2github/sourceforgeBochs,24
pantsbuild/pants,24
helm/charts,24
facebookincubator/magma,24
cdapio/cdap,24
phpbb/phpbb-app,24
KDE/kwin,24
ppy/osu-web,24
jm-cc/pm2,24
BeelGroup/Docear-Online-HTW---Frontend,24
DoraemonOS-Dev/platform_hardware_qcom-caf_sm8150_display_old,24
onedata/op-worker,24
Azure/azure-functions-ux,24
Unleash/unleash,24
Tripela007/AzureTest,24
guns/tmux,24
hoka/zope,24
roshkovan/snglearning,24
AIGAdc/DCDW,24
CodeNow/api,24
mopidy/mopidy,23
yugabyte/yugabyte-db,23
javaee/glassfish,23
pylam/automake,23
yannrouillard/opencsw-pkg,23
thypon/electron,23
cyrillos/criu,23
TempusMUD/Tempuscode,23
ProjectCCNx/ccnx,23
project-draco-hr/cloudstack,23
AntoineGou/IngressNetCore,23
swig/swig,23
textlint/textlint,23
UH-StudentServices/student_guide,23
AndreRenaud/embeddedsw,23
vaagn-avanesyan/ios-sasquatch,23
matplotlib/matplotlib,23
amethyst/amethyst,23
Paul-Taiwo/automart,23
mozilla-bteam/bmo,23
cctbx/cctbx_project,23
worldforge/cyphesis,23
itangwang/quiche,23
jadu/pulsar,23
mitmedialab/gobo,23
gittup/tup,23
microsoft/accessibility-insights-web,23
uktrade/invest-ui,23
guardian/membership-frontend,23
flexiant/ocfs2-tools,23
ubtue/ub_tools,23
lucapele/django.git.repo,23
reviewboard/reviewboard,23
unl/wdntemplates,23
DOCGroup/ACE_TAO,23
NEBGitHub/conditions,23
castillomartin/papi,23
WikiWatershed/model-my-watershed,23
Jigsaw52/debian-tor,23
QEF/q-e_schrodinger,23
mamedev/mess-svn,23
dune-project/dune-common,23
evidence/axiom-evi-gasnet,23
vt-alt/specs,23
corefazz/overlay,23
simulationcraft/simc,23
svn2github/octave-forge,23
OfficeDev/office-ui-fabric-react,23
wikimedia/mediawiki-extensions-Wikibase,23
nikgraf/belle,23
BME-MIT-IET/chillisbab-iet-2019,23
apinf/platform,23
alphagov/frontend,22
UKHomeOffice/platform-hub,22
mkerrisk/man-pages,22
LunarG/VulkanSamples,22
cmangos/classic-db,22
phdata/archway,22
randombit/botan,22
uktrade/directory-sso-profile,22
jrabbit/Fink-Dists,22
TimothyEBaldwin/RO_All_Commits,22
ElektraInitiative/libelektra,22
bcgov/jag-lcrb-carla-public,22
frugalware/gnometesting,22
jgm/pandoc,22
project-draco-hr/infinispan,22
Teradata/stacki,22
RaumZeit/linux-chromebook,22
tmadaan/superset,22
TBGRenfold/opensim,22
Storyous/features,22
gtk-gnutella/gtk-gnutella,22
seL4/isabelle,22
nypublicradio/wnyc-web-client,22
RAConquista/EOF-EDITOR-ON-FIRE,22
AdaCore/PolyORB,22
KDE/akonadi,22
Indicia-Team/warehouse,22
ilios/ilios,22
FishsemiCode/nuttx,22
fullstory/linux-aptosid,22
das/tcltk,22
copperwater/xNetHack,22
dds/.emacs.d,22
minio/mc,22
ilios/frontend,22
nocproject/ansible_deploy,22
fuseumass/dashboard,22
Arthurppp/drbd,22
simgrid/simgrid,22
Ichag/openerp-addons,22
m4xw/RetroArch_LibNX,22
dimagi/Vellum,22
squid-cache/squid,22
michael-swan/darkplaces,22
vanrein/util-linux,22
0xProject/0x-monorepo,22
seqan/seqan,22
Starlink/starlink,22
gooddata/gooddata-java,22
spryker-shop/b2c-demo-shop,22
Graylog2/graylog2-server,22
project-draco-hr/closure-compiler,22
egione/Agnentro,22
openshift/odo,22
sheebans/ss-Gooru-FE,22
guncomplements4win/epiphany4win,22
robcore/machinex,22
onap/vid,22
arkaray/nano-rs,22
cockroachdb/docs,22
WordPress/WordPress,22
endurio/foundation-daemon,22
OTRS/otrs,22
hmcts/cmc-citizen-frontend,22
toggler-io/toggler,22
geli-lms/geli,22
matrix-construct/construct,22
DynamoRIO/dynamorio,22
isc-projects/kea,22
tim-janik/beast,22
serenity-rs/serenity,22
hello/suripu-app,22
KhronosGroup/VK-GL-CTS,22
mtmiller/octave,22
spk121/guile,22
oppia/oppia,22
yasuhito/trema-book,22
ManageIQ/manageiq,22
webOS-ports/webos-ports-setup,21
michael-dev/hostapd,21
camcory/device_moto_shamu,21
alphagov/notifications-admin,21
annulen/premake,21
daanfs/systemtap,21
checkr/flagr,21
tensorflow/cleverhans,21
uptech/togls,21
DarkstarProject/darkstar,21
openucx/ucx,21
Azure/azure-rest-api-specs,21
gitlabhq/gitlab-runner,21
kernkonzept/acpica,21
salesforce-ux/design-system,21
Nexedi/erp5,21
3dfxdev/EDGE,21
vmware/likewise-open,21
facebookarchive/nuclide,21
quassel/quassel-i18n,21
rust-lang/rfcs,21
prestosql/presto,21
mozilla/releases-comm-central,21
boltdesignsystem/bolt,21
navikt/foreldrepengesoknad,21
closedwiki/wiki,21
bianchim/farnet-dev,21
DFE-Digital/manage-courses-ui,21
jsteven/NextCloud,21
SAP/cloud-commerce-spartacus-storefront,21
kkaempf/sane-backends,21
SafeGuardOS/Mail,21
ganeshtec/discount-maintenance-client,21
agoodcoolman/ppapi,21
tycho/cpuid,21
openscad/openscad,21
hashicorp/vagrant,21
Par4All/par4all,21
conda-forge/staged-recipes,21
ajunc/brackets,21
Qualys/ironbee,21
d-ronin/dRonin,21
RexOps/Rex,21
wikimedia/mediawiki-skins,21
kernelslacker/x86info,21
AOSiP/platform_frameworks_native,21
edx/edx-app-ios,21
chanzuckerberg/idseq-web,21
navikt/aktivitetsplan,21
gustafn/nsf,21
SynoCommunity/spksrc,21
bazelbuild/tulsi,21
HelenOS/helenos,21
Azure/aks-engine,21
Roll20/roll20-character-sheets,21
Our-Revolution/site,21
jtg-gg/skia-src,21
tim-janik/rapicorn,21
mozilla-mobile/fenix,21
apache/subversion,21
LukeMS/daimonin,21
hmcts/cnp-flux-config,21
jbohren-forks/personalrobots-pkg,21
cims-bioko/cims-server,21
iterate-ch/cyberduck,21
sg-deu/social-security-alpha-2,21
webex/react-widgets,21
apache/mynewt-core,21
pankajkumarsingh/TestcloneRepo,21
debiki/debiki-server-old,21
emfcamp/Website,21
openaustralia/planningalerts,21
omunroe-com/ganetiorg,21
dgraph-io/dgraph,21
apache/incubator-mxnet,21
rpherbig/dr-scripts,21
Sintattica/atk,21
Bulbutta/home-away,21
linkerd/linkerd2,21
pnkfelix/tamarin-redux,21
AdaCore/spark2014,21
StadnykYura/fl-9-team-project,20
linuxbox2/ntirpc,20
Indicia-Team/google-archive,20
cloudera/hue,20
supertuxkart/stk-code,20
linux-mailinglist-archives/linux-security-module.vger.kernel.org.0,20
martijn-heil/9front,20
openshift/machine-config-operator,20
webanno/webanno,20
unicef/etools,20
peti/git-annex,20
IanSav/enigma2-Beyonwiz,20
wasmerio/wasmer,20
sgallagher/tog-pegasus,20
whjbinghun/Mitk,20
dineshghevariya/Sqlserver-Scripts_for_reference,20
MegaMek/megamek,20
input-output-hk/daedalus,20
GNOME/gparted,20
genekh/python,20
lampepfl/dotty,20
wildmichael/ParaView,20
cern-eos/eos,20
contao/contao,20
sbcl/sbcl,20
spryker/spryker-core,20
streetmix/streetmix,20
cloudfoundry/bosh,20
xiaodong326/ad,20
OP-TEE/optee_os,20
windmilleng/tilt,20
oleksiikhorunzhyi/appspektor-dreamtrips,20
idaholab/moose,20
hasan3050/voltdb_tpcc,20
Zimbra/zm-build,20
maestrith/AHK-Studio,20
paulmy/ejudge_install,20
greenbone/gsa,20
woocommerce/woocommerce-android,20
Xabaril/Esquio,20
scoty755/android_device_htc_b2wlj,20
carbon-design-system/ibm-dotcom-library,20
radare/radare,20
facebook/flow,20
azavea/cac-tripplanner,20
sqlite/sqlite,20
dvsa/olcs-internal,20
ProtonMail/WebClient,20
elonmusk408/msbuild,20
greenbone/gvmd,20
AppertaFoundation/openeyes,20
kame/kame,20
ten24/slatwall,20
cmatsuoka/libxmp,20
amida-tech/indaba-client,20
mackyle/sqlite,20
mupen64plus-ae/mupen64plus-ae,20
difi/move-integrasjonspunkt,20
rubinius/rubinius,20
ssrlive/lwip,20
epics-base/epics-base,20
clarketm/prow,20
rtobar/askapsoft,20
grnet/synnefo,20
uktrade/directory-components,20
dgreid/adhd,20
jakutis/httpinvoke,20
IMA-WorldHealth/bhima,20
raccoonrat/fabric-v1.3,19
kdave/btrfs-progs,19
digital-antiquity/tdar,19
minetest/minetest,19
ember-cli/ember-cli,19
pjbear1215/rdma_scalability_test,19
codeforamerica/clientcomm-rails,19
cloudfoundry/bosh-bootloader,19
ppy/osu-wiki,19
gentoo-mirror/roslin,19
SaurabhChouhan/nnxt,19
xapian/xapian,19
jeremyfrench/lsh,19
OpenLMIS/benin-SIIL,19
FEniCS/dolfinx,19
icgc-dcc/dcc-portal,19
geany/geany,19
bradc6/Stratagus,19
linux-mailinglist-archives/linuxppc-dev.lists.ozlabs.org.0,19
diffblue/cbmc,19
weaveworks/eksctl,19
sul-dlss/exhibits,19
jolocom/smartwallet-app,19
castle-games/castle-client,19
MITLibraries/bento,19
gctools-outilsgc/gcconnex,19
delan/ofbiz,19
kickstarter/ios-oss,19
harvard-lil/perma,19
braveheart12/Storj,19
ARW2705/BrewIO-App,19
ipython/ipython,19
digitalrebar/provision,19
CESNET/libyang,19
iFixit/git-scripts,19
jnorthrup/jmodelica,19
velorientc/git_test7,19
oro-subtree/WorkflowBundle,19
gpergrossi/CS551_minix_dev,19
pfefferle/sempress-wpcom,19
hmrc/manage-pensions-frontend,19
Intel-bigdata/arrow,19
sass/libsass,19
tasn/elementary,19
ChristopherRabotin/GMAT,19
kubernetes/apiextensions-apiserver,19
kythe/kythe,19
SolidStateGroup/bullet-train-frontend,19
cms-sw/cmsdist,19
maestrano/mnoe-admin-panel,19
shogun-toolbox/shogun,19
perfectsense/brightspot-cms,19
hermitcore/libhermit-rs,19
mahmoudimus/ac,19
UweTrottmann/SeriesGuide,19
freenas/freenas,19
fluxcd/flux,19
launchdarkly/ios-client-sdk,19
tokiclover/bar-overlay,19
wimal-build/ndk,19
tcltk/tk,19
ONSdigital/florence,19
MetaMask/metamask-extension,19
angular/angular,19
jluebbe/libsigrok,19
bpsinc-native/src_third_party_chromite,19
raphaelm/claws-mail-py3,19
Kronuz/Xapiand,19
UniversityofWarwick/mywarwick,19
openlayers/openlayers,19
stan/gitaly,19
affinityworks/main,19
sevki/ufs2,19
Whil-/org-mode,19
LLNL/axom,19
TwitchPlaysPokemon/tpp-BizHawk2,19
byceps/byceps,19
andythenorth/nml-andythenorth,19
JeffVandrewJr/aports,19
liballeg/allegro5,19
eranshmuely/npp,19
sylabs/singularity,19
jsonn/xsrc,19
cloudfoundry/runtime-ci,19
guaneryu/xfstests,19
navikt/veilarbportefoljeflatefs,19
nsimtechnologie/android.mapbox-gl-native,19
Zimbra/zm-core-utils,19
guardian/workflow-frontend,19
Sylius/Sylius,19
Virtua4s3man/kuba_shopware,18
GeoCoacher/josm_core,18
IFGHou/nmap,18
Katello/katello,18
mtsekm/test,18
flow123d/flow123d,18
caktus/django-timepiece,18
djey47/tduf,18
yaongtime/meta-openembedded,18
bannerbyte/SymPy,18
etternagame/etterna,18
e-gov/TARA-Server,18
fsharp/FSharp.Compiler.Service,18
ElementsProject/lightning,18
labs14-travel-website/frontend,18
facebook/relay,18
wraith/wraith,18
Telesphoreo/TF-WorldGuard,18
magento/inventory,18
kickstarter/android-oss,18
gsb-public/gsb_public,18
OpenCMISS/zinc,18
openstax/cnx-recipes,18
fontforge/fontforge,18
BladeMight/Mahou,18
hedgewars/hw,18
NixOS/nix,18
OPM/ResInsight,18
intershop/intershop-pwa,18
cogciprocate/ocl,18
Ackis/Collectinator,18
Informasjonsforvaltning/fdk,18
cloudfoundry/stratos,18
knime/knime-core,18
Exygy/sf-dahlia-lap,18
equinor/libres,18
apache/geode,18
cloudfoundry/uaa,18
wp-cli/extension-command,18
xapi-project/xenopsd,18
vector-im/riot-web,18
opensim-org/opensim-core,18
GrammaticalFramework/GF,18
dioptre/ovsdk,18
yueyaquanBoy/vdesktop,18
pkgw/casa-python,18
YongLiedu/BibDesk,18
xwiki/xwiki-platform,18
kevinfen9/android_platform_libcore,18
Xeron-ni7/jitsi-abc,18
homelessgod/https,18
chan-sccp/chan-sccp,18
gnustep/tools-make,18
kleva-j/iReporter,18
ftkalcevic/LinuxCNC,18
b0ssi/Recapp,18
totalpave/angle,18
wliu6v/elasticsearch-reference,18
gosa-project/gosa-core,18
ets-berkeley-edu/boac,18
NickPyae/gfg-gpe-frontend,18
MusicPlayerDaemon/MPD,18
IgniteUI/igniteui-angular,18
ministryofjustice/Claim-for-Crown-Court-Defence,18
luismartingarcia/nping-ng,18
CZ-NIC/knot,18
boutproject/BOUT-dev,18
rakudo/rakudo,18
pymedusa/Medusa,18
ZeroK-RTS/Zero-K,18
staylor/develop.svn.wordpress.org,18
inigocrespo/gotools,18
alv-ch/alv-portal,18
chenqinglang/esp32_test,18
svn2github/jmodelica,18
leigh123linux/xine-lib-1.2,18
mistio/mist.api,18
handelxh/edk2-MdeModulePkg,18
Alfresco/alfresco-repository,18
dssg/police-eis,18
freebsd/pkg,18
lloydstone/femah,18
launchdarkly/featureflags,18
Zimbra/zm-ajax,18
systemd/casync,18
smtcrms/copybara,18
embox/embox,18
p8499/ime,18
iotivity/iotivity,18
Indicia-Team/support_files,18
testpromorg/prometheus,18
wbhart/bsdnt,18
fossgis/www.openstreetmap.de,18
Kudo/wammer-iOS,18
openshift/api,18
jeff1evesque/machine-learning,18
tkuehne-deliveryhero/salt-old,18
GenealogyCollective/gprime,18
freeipa/freeipa,18
anatol/subtle,18
zooniverse/Panoptes-Front-End,18
Vizzuality/i2i,18
stratisproject/StratisBitcoinFullNode,18
pelya/pulseaudio-android,18
vanadium-archive/go.ref,18
mitodl/micromasters,18
travis-ci/travis-core,18
openbmc/openbmc,18
gitp999/SVN_GIT,18
akvo/akvo-rsr,18
mayankk6196/Dynamic-C-,18
universeroc/gn,18
hazduk/MyBootstrap,18
open-xchange/appsuite-middleware,18
coecms/WRF,18
convox/rack,18
sjp38/lore-linux-mm,18
OpenConext/OpenConext-deploy,18
vanadium-archive/go.devtools,18
ghb24/NECI_STABLE,18
schul-cloud/schulcloud-client,17
svininykh/freeciv-translations,17
wellcometrust/platform,17
rust-random/rand,17
jetstack/cert-manager,17
mapsme/omim,17
hmrc/amls,17
DarkStarSword/3d-fixes,17
euryecetelecom/xenomai,17
project-draco-hr/liferay-portal,17
kubernetes-sigs/service-catalog,17
sipb/uplink-webapp,17
singnet/snet-dapp,17
mindreframer/golang-devops-stuff,17
hashicorp/vault,17
oasislabs/oasis-core,17
Kopano-dev/kopano-core,17
Ensembl/ensembl-webcode,17
GNOME/tracker,17
adapt-it/adaptit,17
mkschreder/openwrt-xorg-feed,17
FoxComm/highlander,17
frappe/frappe,17
roswell/ecl,17
Fyrd/caniuse,17
SmarterApp/DL_DigitalLibrary,17
lis-epfl/MAVRIC_Library,17
kuali/research-coi,17
swift-lang/swift-k,17
editra-org/editra,17
eworm-de/pacman,17
belaban/JGroups,17
rhq-project/rhq,17
ian-moone/frabjous,17
leo-editor/leo-editor,17
engaging-computing/MYR,17
expo/expo,17
Zimbra/zm-db-conf,17
xmujacky/crosswalk,17
xyzzy529/screeps.code-1,17
alphagov/paas-cf,17
bedatadriven/activityinfo,17
infinit/memo,17
SmarterApp/RDW_Reporting,17
ArmyMusicOnline/ami,17
MethodicalAcceleratorDesign/MAD,17
getredash/redash,17
lemon-devs/vendor_qcom_skunk,17
foam-framework/foam2,17
cmangos/tbc-db,17
saby/builder,17
kostex/darktable,17
DefinitelyTyped/DefinitelyTyped,17
unicef/un-partner-portal,17
bkaradzic/SwiftShader,17
sinmx/mangos-1,17
ewillink/org.eclipse.uml2,17
svn2github/kratos,17
Madek/madek-webapp,17
DICE-UNC/policy-workbook,17
danmar/cppcheck,17
amikey/cocos2d-x,17
omnisci/omniscidb,17
ox-it/sakai,17
ethus3h/moon-1,17
hyunacho/mozGaia,17
jerry-jx/tikiwiki,17
cmangos/mangos-svn,17
newsuk/times-components,17
buildkite/frontend,17
MandyMY/telepathy-gabble-otr,17
jetstack/tarmak,17
hmrc/pensions-scheme,17
auth0/docs,17
AplaProject/go-apla,17
jbenden/rsync,17
hrani/hrani-moose-core,17
horde/imp,17
FirebirdSQL/firebird,17
zpc930/openFrameworks,17
ethereum/aleth,17
JacekDanecki/drm,17
bestpractical/rt,17
HearthSim/HSReplay.net,17
WileyECoyote/geda-gaf,17
mynew0/scriptdev2,17
KDE/digikam,17
visit-dav/visit,17
chef/chef,17
norBIT/gdal,17
VelinPavlov/OpenSC,17
openshift/cluster-kube-apiserver-operator,17
B2W-BIT/async-worker,17
Quiescent/cedet-merge,17
eXist-db/exist,17
SIXNetworks/withSIX.WebApp,17
xproax/bitkeep,17
ministryofjustice/correspondence_tool_staff,17
Hylozoic/hylo-redux,17
griidc/pelagos,17
OSGeo/grass-addons,17
EnesSastim/device_xiaomi_jason,17
midonet/midonet,17
herzen/spec-files-extra,17
HabitRPG/habitica,17
nuxeo/nuxeo,17
livecode/livecode,17
RigsOfRods/rigs-of-rods,17
pmq20/libmicrohttpd,17
primeroIMS/primero,17
tensorflow/tfjs,17
FreeBSDFoundation/valgrind,17
RAConquista/freetz,17
kensington/apparmor,17
chandrakalakh/Website,17
ShiftMediaProject/gnutls,17
sensu/sensu-go,17
hmcts/sscs-submit-your-appeal,17
PrestaShop/PrestaShop,17
VisTrails/VisTrails,17
uPortal-Project/uportal-home,17
ampproject/amp.dev,17
alphagov/policy-publisher,17
apache/couchdb,17
linkedin/WhereHows,17
metreeca/link,17
zzDeagle545zz/CSC-17B_Mario,17
ushahidi/platform,17
unrealircd/unrealircd,17
OpenDataPlane/odp-dpdk,17
mjhatamy/GxAsyncdisplayKit,16
otavanopisto/muikku,16
BentoBoxWorld/BentoBox,16
navikt/veientilarbeid,16
chef/chef-server,16
hercules-390/hyperion,16
kubernetes-sigs/kubespray,16
ivegotwings/mdmuiserver,16
gentoo/portage,16
niklasf/stockfish.pexe,16
waltligon/orangefs,16
avery-laird/term-project,16
SalesforceFoundation/EDA,16
oss-mirrors/egroupware,16
petervanderdoes/gitflow-avh,16
fiedl/your_platform,16
danny2895/op2pe-10,16
coelckers/gzdoom-last-svn,16
metanoia1989/han-bbs,16
silverstripe/silverstripe-framework,16
Freescale/meta-freescale,16
serde-rs/serde,16
MagedMorkos/Maged-sFork,16
navikt/sosialhjelp-soknad,16
codelabs-ch/muen,16
eaudeweb/ozone,16
sosy-lab/cpachecker,16
oa-ok/build,16
DavidGuetl/FigureLib_4,16
SuperElastix/SimpleElastix,16
kaviyarasan1993/wcms,16
AnthonyAMC/Public-Denizen-Scripts,16
ocaml/opam-repository,16
FlexibleSUSY/FlexibleSUSY,16
openMSX/openMSX,16
TheRoddyWMS/Roddy,16
qutip/qutip,16
att/ast,16
uktrade/directory-sso,16
reverbrain/elliptics,16
StackStorm/st2,16
pars-linux/corporate2,16
SIGLUS/openlmis-devops,16
europeana/europeana-portal-collections,16
llvm/llvm-archive,16
Vonfry/dotfiles,16
ianloic/gnu-cobol-mirror,16
curl/curl,16
LimeSurvey/LimeSurvey,16
joincivil/Civil,16
weaveworks/scope,16
xdvproject/rippled,16
hmrc/catalogue-frontend,16
pixl8/Preside-CMS,16
WeblateOrg/weblate,16
CopenhagenCityArchives/kbh-billeder,16
edkach/bibdesk,16
DonJayamanne/pythonVSCode,16
crowbar/crowbar-core,16
WorldBank-Transport/DRIVER,16
alphagov/digitalmarketplace-functional-tests,16
jrmuizel/sw-wr,16
apache/ignite,16
unepwcmc/SAPI,16
CustomROMs/android_test_vts-testcase_hal,16
wanzhiguo/tendermint,16
JaneliaSciComp/jacs-compute,16
openscope/openscope,16
netspective/NEFS,16
craigbarnes/dte,16
zenoss/zenoss-prodbin,16
inception-project/inception,16
groonga/groonga,16
Astronants/Decalc-o-Mania,16
rualark/MGen,16
iandunn/wp-scripts-test-example,16
hashsos/hashcloudos-neutron,16
rakhimov/scram,16
dcos/dcos-ui,16
a2flo/floor,16
lonelyplanet/rizzo,16
apache/apr,16
mudkipstar/multiplayer,16
smintz/cluster,16
sgothel/jogl,16
domoticz/domoticz,16
minhthienhuynh/mautic,16
onivim/oni,16
JohnSully/KeyDB,16
wireapp/wire-android,16
elonafoobar/elonafoobar,16
RodneyBates/M3Devel,16
michael-swan/xonotic-data.pk3dir,16
curoverse/arvados,16
AllenInstitute/MIES,16
chef/supermarket,16
ZeitOnline/zeit.content.article,16
praekeltfoundation/ndoh-hub,16
daynix/spice-gtk,16
google/ggrc-core,16
kushagra57/device_oneplus_onyx,16
cloudfoundry/garden-runc-release,16
neos/neos-ui,16
kubernetes-incubator/kube-aws,16
psi4/psi4,16
ONSdigital/zebedee,16
LabKey/testAutomation,16
concord-consortium/codap,16
project-draco-hr/voltdb,16
imbushuo/lk,16
WorldBrain/Memex,16
edusoho/edusoho,16
SulinOS/xf86-video-intel,16
mikanyg/FeatureToggle.Azure,16
Haimanu/fastlane1,16
grow/grow,16
elastic/logstash,16
statiolake/uim,16
sheepdog/sheepdog,16
vmware/govmomi,16
hmrc/nisp-frontend,16
EspadaV8/squizmatrix,16
bradharding/doomretro,16
flaghunters/Extra-Flags-for-4chan,16
tg-x/gnunet,16
KangProject/packages_apps_ROMControl,16
vmware/admiral,16
lodyagin/bare_cxx,16
flashrom/flashrom,16
jumpinjackie/mapguide,16
tsuru/tsuru,16
RoboJackets/robocup-software,16
hrydgard/ppsspp,16
endowataru/menps,16
TortoiseGit/tortoisesvn,16
fedora-conary/conary,15
miquelramirez/clam,15
kubernetes-sigs/bootkube,15
SpinVR/three.js,15
os-autoinst/os-autoinst-distri-opensuse,15
FluidTYPO3/flux,15
project-draco-hr/buck,15
cloudfoundry/docs-cf-admin,15
saros-project/saros,15
mostrows2/grpc,15
shareandcharge/sc-app,15
cloudfoundry/cf-java-client,15
OasisDEX/eth2dai,15
openss7/openss7,15
doc22940/dragonfly.net,15
Netronome/nfp-drv-kmods,15
wikimedia/mediawiki-extensions-VisualEditor,15
NetDirect/barry,15
chocolateboy/easygit,15
emscripten-core/emscripten,15
SoarGroup/Soar,15
ilios/common,15
osquery/osquery,15
agg1/autobuild,15
ruegerm/jsbsim_mr,15
xrootd/xrootd,15
amzn/exoplayer-amazon-port,15
johan-martenson/settlers,15
amida-tech/greyscale,15
mattermost/mattermost-server,15
chebfun/chebfun,15
cyverse/troposphere,15
oVirt/vdsm,15
fabric8-services/fabric8-jenkins-idler,15
BugsUK/FindApprenticeship,15
rod-m/phaser_tutorial,15
MeasureAuthoringTool/MeasureAuthoringTool,15
edx/edx-analytics-dashboard,15
bridgewaytc/AzureCLI,15
Cyber4All/clark-client,15
SkillsFundingAgency/CFS-Backend,15
kubernetes/ingress-gce,15
mztaylor/myplan,15
chocolatey/choco,15
ivanovke/kazoo_upstream,15
yuki-kimoto/SPVM,15
anupbharade09/xcms_test,15
bayzatam/bayzatam.github.io,15
mapbox/mapbox-unity-sdk,15
elnormous/ouzel,15
tgstation/TerraGov-Marine-Corps,15
thedeadfish59/android_device_motorola_msm8226-common,15
maestrano/mno-enterprise,15
LeSpocky/ptxdist,15
xia2/xia2,15
Smithsonian/SMA-Software,15
mconf/mconf-web,15
lighttransport/embree-aarch64,15
hmcts/sscs-track-your-appeal-notifications,15
neos/flow-development-collection,15
mumax/3,15
ntslive/icecast-mirror,15
docker/app,15
ello/ello-ios,15
ActiveState/tcl-core-xxx,15
Ensembl/ensembl-pipeline,15
apache/trafficserver,15
FStarLang/FStar,15
JacekDanecki/neo-semaphore,15
open-power/hostboot,15
intracom-telecom-sdn/nstat,15
svn2github/OpenMPT,15
UKGovernmentBEIS/beis-consumer-energy-efficiency-advice-service,15
svn2github/xbmc4xbox,15
baldurk/renderdoc,15
RexOps/rexify-website,15
FIWARE-Archive/webui.Synchronization.Tundra,15
Rillke/vorbis-tools,15
couchbase/couchbase-lite-core,15
opentable/hobknob,15
UO-OACISS/tau2,15
code-dot-org/code-dot-org,15
binarymash/evelyn,15
mozilla/fxa-content-server,15
boscoseries/iReporter,15
flink-ci/flink,15
USSBA/sba-gov-katana,15
linux-mailinglist-archives/nouveau.lists.freedesktop.org.0,15
jbeich/platform_system_extras,15
kubernetes/enhancements,15
Netoun/vueglify,15
FreeON/freeon,15
GoogleCloudPlatform/cloud-code-intellij,15
exoplatform/commons,15
AdguardTeam/AdguardBrowserExtension,15
h2oai/h2o-3,15
LogtalkDotOrg/logtalk2,15
satoshipay/solar,15
marbl/canu,15
DECODEproject/decode-mobile-app,15
ComputationalRadiationPhysics/picongpu,15
99cloud/openshift-ansible,15
RetroPie/RetroPie-Setup,15
GSA/search-gov,15
CenterForOpenScience/isp,15
hmrc/vat-correspondence-details-frontend,15
openshift/installer,15
jmainpri/libmove3d,15
dana-i2cat/opennaas,15
pioneerspacesim/pioneer,15
NervanaSystems/ngraph,15
kleppercc/helios,15
fakeNetflix/facebook-repo-draft-js,15
alashworth/stan-monorepo,15
bminor/musl,15
foundation/foundation-sites,15
acl2/acl2,15
bsc-pm/mcxx,15
Mattlk13/gateone,15
NyaaPantsu/nyaa,15
bert/pcb,15
tbrautaset/Fork-pedro311-freshtomato-arm,15
artemeon/core,15
Isotarge/ScriptHawk,15
amalgam8/amalgam8,15
jenkinsci/blueocean-plugin,15
rfabbri/pd-macambira,15
OCHA-DAP/hdx-ckan,15
lifev/lifev,15
cultuurnet/udb3-angular,15
aurelia/aurelia,15
a-ray-of-sunshine/classpath,15
mohamed-mamdouh95/edx-ShapeTheWorld-lab6,15
rose-compiler/rose,15
CrunchyData/postgres-operator,15
luniehq/lunie,15
GNOME/brasero,15
secrethub/secrethub-cli,15
WoollyinWalesIT/jomres,15
dajobe/rasqal,15
scjody/hubzilla,15
CUBRID/cubrid,15
trema/trema-edge,15
petrhosek/libcxx,15
bitprim/bitprim-node-cint,15
bitkeeper-scm/tcl,15
norfenstein/unvqx,15
pikelang/Pike,15
dino-lang/dino,15
AEXmod/platform_device_xiaomi_gemini,15
facebook/litho,15
b2ihealthcare/snow-owl,14
SINTEFMedtek/CustusX,14
Wikia/mobile-wiki,14
navikt/arbeidssokerregistrering,14
DevilianOS/android_system_update_engine,14
chamerling/esn,14
shangdehao1/pmdk_v15,14
liveblog/liveblog,14
pop-os/gnome-control-center,14
hixme/hixme-ui,14
cotton8487/android_device_samsung_msm8660-common,14
wso2/carbon-device-mgt,14
codecheq/Hashicorp-Packer,14
openshift/machine-api-operator,14
ipfs/go-ipfs,14
guillemj/dpkg,14
hutomadotAI/web-api,14
ler762/privoxy,14
soywiz/gnash,14
metasfresh/metasfresh,14
DynamoDS/Dynamo,14
Undergarun/FirestormWoD,14
lamsfoundation/lams,14
eskyhome/fds,14
project-draco-hr/vaadin,14
aodn/aodn-portal,14
JGCRI/gcam-core,14
navikt/personopplysninger,14
mikesparr/typescript-postgres-auth-example,14
glfw/glfw,14
sfu-fas/coursys,14
neerajmathur/JEdit,14
certbot/certbot,14
visit-vis/VisIt,14
TresysTechnology/setools3,14
OregonCore/OregonCore,14
Boolector/boolector,14
STEllAR-GROUP/hpx,14
hmrc/self-assessment-api,14
mirror/jdownloader,14
GNOME/glib,14
WestpacCXTeam/GUI-source,14
facebook/openr,14
ayang64/anansi,14
praekeltfoundation/vumi-go,14
MirServer/mir,14
terraform-providers/terraform-provider-azurerm,14
ogolikhin/blueprint,14
PitchBlackRecoveryProject/android_bootable_recovery,14
shlomif/fc-solve,14
freemint/freemint,14
LyonsLab/coge,14
dod-ccpo/atst,14
forever-inc/forever-style-guide,14
navikt/tiltakinfo,14
docker/engine-api,14
rpm-software-management/rpm,14
openshift/openshift-docs,14
topel-research-group/Bamboozle,14
kubernetes/autoscaler,14
csrster/ia-wayback-netarchivesuite,14
commonplaceusa/commonplace,14
jcarnegie/bg-client,14
tvheadend/tvheadend,14
dwp/ClaimCapture,14
olajide1234/iReporter,14
Clinical-Genomics/MIP,14
cloudius-systems/osv,14
SFDO-Tooling/CumulusCI,14
DIRACGrid/DIRAC,14
refinery-platform/refinery-platform,14
kwierman/pewpew,14
project-draco-hr/ofbiz,14
aox/aox,14
vgisc/strongSwan,14
GNOME/geary,14
kirikprotocol/MSAG-Console,14
RobertHSchmidt/jedit,14
bloomberg/chef-bcpc,14
inieves/gnu-coreutils,14
ICB-DCM/AMICI,14
Regexcellence/Regexcellence,14
CSCI-462-01-2017/These-Aren-t-The-Droids-You-Are-Looking-For,14
mozilla/foundation.mozilla.org,14
middlebury/GO,14
seady22/v,14
personal-mirrors/mupdf,14
StrongMind/canvas_shim,14
openshift/openshift-azure,14
guardian/guardian.github.com,14
unoplatform/uno,14
hmcts/probate-caveats-frontend,14
kubernetes-sigs/kubefed,14
Code-OS-Devices/device_xiaomi_armani,14
miguelseueira/pharmacy_tiapp,14
docker/compose,14
facebook/fbthrift,14
emersion/igt-gpu-tools,14
frappe/erpnext,14
GNOME/gjs,14
VantaProject/platform_system_tools_hidl,14
kubernetes-sigs/cluster-api,14
fluent/fluent-bit,14
landley/toybox,14
storybookjs/storybook,14
everett-protocol/cosmos-sdk,14
daboross/screeps-ai-v2,14
gnuplot/gnuplot,14
codexnetwork/codex.io,14
jaguado/api.jamtech.cl,14
Ensembl/ensembl-analysis,14
PowerDNS/pdns,14
kamalaupp/test-tfs-git-proj1,14
hmcts/cmc-claim-store,14
mumble-voip/mumble,14
WeAreROLI/JUCE,14
ospamiony/mota,14
enonic/xp,14
dkogan/notion.xfttest,14
untangle/ngfw_src,14
mamedev/mess-cvs,14
NYPL/staff-picks,14
urfave/cli,14
CoughDrop/coughdrop,14
hummingbird-me/kitsu-server,14
wireapp/wire-webapp,14
fishtown-analytics/dbt,14
AMReX-Codes/amrex,14
woocommerce/woocommerce-admin,14
inbloom/secure-data-service,14
SurfaceOceanCarbonAtlas/socat,14
stackexpress-shivam/mailman3,14
zordius/lightncandy,14
VEuPathDB/WDK,14
videolan/x265,14
ktdreyer/ratbox-svn,14
hpfs74/james-frontend,14
deis/controller,14
department-of-veterans-affairs/va.gov-cms,14
Zimbra/zm-aspell,14
rust-lang/rust-bindgen,14
qt/qt5,14
FeatureIDE/FeatureIDE,14
KSP-CKAN/NetKAN,14
GlobalFishingWatch/map-client,14
MikeAllison/postit,14
Stellarium/stellarium,14
LibraryOfCongress/concordia,14
TelepathyIM/telepathy-spec,14
cfengine/core,14
combolek/gallery2,14
nmr-relax/relax,14
apache/spamassassin,14
ConnectedHomes/oam-monorepo-poc,14
upspin/upspin,14
ChemCryst/crystals,14
oasis-tcs/virtio-spec,14
jammycakes/dolstagis.web,14
fawkesrobotics/fawkes,14
syndesisio/syndesis,14
samvera/hyrax,14
Icinga/icingaweb2,14
Sethesda/https-discordapp.com-api-oauth2-authorize-client_id-561674310180143151-permissions-8-redirect_uri-,14
usgs/waterdataui,14
flynn/flynn,14
elan33/kiwi-ten,14
hazelcast/hazelcast,14
rtoy/xemacs-beta,14
szKarlen/cairographics,14
tpportugal/tpp_valhalla,14
open-mpi/hwloc,14
benolee/zile,14
kframework/c-semantics,14
directus/api,14
isc-projects/bind9,14
SabreTools/SabreTools,14
D-os/cmds,14
GrangerHub/tremulous-game-logic,14
hmrc/tai-frontend,14
oro-subtree/FeatureToggleBundle,14
HyperGAN/HyperGAN,14
pandas-dev/pandas,14
chiefdome/freetz,14
gohugoio/hugoDocs,14
bcgov/mds,14
JamesDunne/vgm2midi,13
ioan-chera/eureka-editor,13
zer0infinity/CuteTestForCoastTest,13
hmcts/hwf-staffapp,13
cloudptio/logstash-operator,13
opensvc/opensvc,13
DoSomething/phoenix-next,13
openclonk/openclonk,13
noobaa/noobaa-core,13
all3dp/printing-engine-client,13
BehalfFE/featureToggle,13
rskoenig/civinomics,13
fabric8-ui/ngx-feature-flag,13
ni/rebar,13
spinnaker/clouddriver,13
Khan/perseus,13
sorokin/btanks,13
performancecopilot/pcp,13
ekohe/wulin_master,13
archlinux/archweb,13
seven332/libvorbisidec,13
pandorafms/pandorafms,13
michaeltaranto/angular-feature-flags,13
atrinik/atrinik,13
CDE-UNIBE/qcat,13
mitodl/salt-ops,13
oat-sa/tao-core,13
rdkit/rdkit,13
Erickeagle3/device_xiaomi_msm8937-common,13
c-void/device_asus_msm8916-common,13
shopthefeed/rapidfab,13
ajturner/crisiscommons,13
pscedu/xt3dmon,13
eehouse/xwords,13
varnishcache/varnish-cache,13
svn2github/valgrind-3,13
minrk/google-caja-mirror,13
GNOME/gnome-builder,13
centreon/centreon,13
SWIFTSIM/swiftsim,13
dart-lang/angular,13
weidai11/cryptopp,13
pnorman/osmarender-testclone,13
MozillaSecurity/funfuzz,13
blockchain/unused-My-Wallet-V3-jar,13
DFHack/dfhack,13
elsiklab/bovinemine,13
holderdeord/hdo-site,13
floscher/josm,13
KAPSARC/KTAB,13
facebook/openbmc,13
pencil-code/pencil-code,13
DoSomething/rogue,13
RadeonOpenCompute/hcc,13
wrongt/transmission,13
HadoukenIO/core,13
coinninjadev/dropbit-ios,13
babel/babel,13
AOSParadox/android_device_motorola_falcon,13
lun3322/CEF3,13
llvm-mirror/polly,13
Project-Xtended/frameworks_rs,13
slackalaxy/petar,13
decentraland/marketplace,13
NeusoftSecurity/SEnginx,13
Wednesnight/lostengine,13
caliston/gccsdk,13
onui-pendro-1-5/android_hardware_qcom_media-caf_sm8150,13
gravitational/teleport,13
stp/stp,13
Polymer/tools,13
Zimbra/zm-nginx-conf,13
steveblackburn/jikesrvm-fieldbarrier-ismm,13
MarvellEmbeddedProcessors/u-boot-marvell,13
ministryofjustice/prisonstaffhub,13
Factlink/js-library,13
levikess/Test,13
tylertian/emscripten-releases,13
borgbackup/borg,13
iTinkerBell/torbutton-jondo,13
dodo040/FreeRDP-smartcardlogon,13
greyhavens/msoy,13
gentoo-mirror/calculate,13
wikimedia/mediawiki-extensions-ArticleFeedbackv5,13
firemodels/smv,13
Rodot/Gamebuino-Circuitpython,13
openstax/tutor-server,13
supercollider/supercollider,13
GafferHQ/gaffer,13
dita-ot/dita-ot,13
QuantiModo/quantimodo-android-chrome-ios-web-app,13
18604510128/mapviewer-web-ai,13
AskalotCQA/askalot,13
alphagov/digitalmarketplace-utils,13
lcarcone/Amaya-Editor-test,13
stonytjd/linux-marvell,13
MapofLife/MOL,13
QualiSystems/vCenterShell,13
ebiggers/wimlib,13
Jmol-OVR/Jmol-OVR,13
pradeepk/topazproject,13
asmacdo/temp-operator-sdk,13
xenserver/xenadmin,13
GNOME/anjuta,13
ZeitOnline/zeit.cms,13
octopus/octopus,13
syamsulmj/acrn-hypervisor,13
meritlabs/lightwallet-stack,13
PIH/openmrs-module-emr,13
JeffersonLab/halld_recon,13
muffin-crusaders/monorepo-ramp-test-2,13
brightsource-il/sfn_embedded,13
z88dk/z88dk,13
conan-io/conan,13
algolia/react-instantsearch,13
ThienHoangNgoc/RoomDBTest,13
aeternity/aepp-base,13
RPCS3/rpcs3,13
civctp2/civctp2,13
WindRiver-Labs/kernel-cache,13
stoupoun/p2-breathe,13
capensis/canopsis,13
xmirror/piwigo,13
OpenMPT/openmpt,13
MISP/MISP,13
status-im/status-react,13
cloudfoundry-incubator/kubo-release,13
chenbers/Test,13
PROCERGS/login-cidadao,13
svn2github/trs-svn,13
vchong/vts,13
zwagoth/e621ng,13
TrueCar/react-launch-darkly,13
erillfire/wusunyasuo,13
yang152412/libwebp,13
containers/libpod,13
wikimedia/mediawiki-skins-MinervaNeue,13
odoo/odoo,13
richardartoul/nand2tetris,13
conda/conda,13
OpendTect/OpendTect,13
nhoudelot/demosdebs,13
S8Cloud/nginx-bazel,13
leapcode/pixelated-user-agent,13
junoemr/junoemr,13
Washington-University/workbench,13
sachinjeevan/loomio,13
odamex/odamex,13
rho-devel/rho,13
Leandro-Naidhig/Casa-de-Cambio,13
kivy/python-for-android,13
mikesperber/gnus,13
opendaylight/docs,13
ranki/birt,13
wikimedia/mediawiki-extensions-FlaggedRevs,13
open-power/skiboot,13
ircd-hybrid/ircd-hybrid-7-cvs,13
xamarin/Xamarin.Forms,13
attic-labs/noms,13
qtqa/testconfig,13
gramo-org/gramo-UI-kit,13
KhalisFoundation/sttm-web,13
hflocki/singularity,13
mesosphere/dcos-commons,13
cfoch/dbus,13
ccnmtl/dmt,13
metaspace2020/metaspace,13
amaechi-chuks/iReporter,13
owenmorris/chandler,13
peerplays-network/BookiePro,13
cbedgar/nut,13
CanonicalLtd/curtin,13
immunant/c2rust,13
KDE/kmail,13
melonjs/melonJS,13
RAMP-PCAR/RAMP-PCAR,13
sulkasormi/frogcomposband,13
NYPL/dgx-new-arrivals,13
codevise/pageflow,13
Nosto/nosto-magento2,13
jsettlers/settlers-remake,13
ministryofjustice/offender-management-allocation-manager,13
mozilla/fxa-auth-server,13
Automattic/wp-e2e-tests,13
libretro/mame2003-plus-libretro,13
inspirehep/inspire-next,13
a307234/lxrtest,13
rabbitmq/rabbitmq-cli,13
uclouvain/osis,13
uwcirg/truenth-portal,13
tarowatanabe/cicada,13
godotengine/godot,13
nahuellofeudo/beam-bq-no-insert-ids,13
eranif/codelite,13
clash-lang/clash-compiler,13
uuid-rs/uuid,13
AusDVA/myservice-prototype,13
macports/macports-base,13
cloudfoundry/capi-ci,13
druimalban/gpe,13
Kopano-dev/kopano-webapp,13
feiliuesmf/modelE,13
shykes/docker-dev,12
Aptoide/aptoide-client-v8,12
OpenMandrivaSoftware/drakx,12
nyu-mll/jiant,12
actor-framework/actor-framework,12
ogiste/ireporter,12
DFE-Digital/search-and-compare-ui,12
basinilya/mplayer,12
louissong7912/SMP_lame,12
DataDog/documentation,12
coveo/react-vapor,12
maestrano/mno-enterprise-angular,12
lanl/Draco,12
Podsiadlo/TerrainMeshGenerator,12
part-up/part-up,12
Geeklog-Core/geeklog,12
AppStateESS/homestead,12
AdoptOpenJDK/openjdk-build,12
brunoduran/txr,12
v-shhatt/azure-powershell,12
nvdajp/nvdajp,12
newrelic/rpm,12
travis-ci/travis-scheduler,12
xmms2/xmms2-devel,12
alphagov/spotlight,12
soedinglab/MMseqs2,12
navikt/fpsak-frontend,12
i3/i3,12
toggle-corp/palika-profile,12
BackupTheBerlios/ar7-firmware-svn,12
biolab/orange3,12
Juniper/contrail-common,12
openldap/openldap,12
thomas-moulard/test_repo,12
catboost/catboost,12
chipsi007/matomo,12
swift-embedded/swift-package-manager,12
bloomberg/bde,12
amit1235813/PartnerPortal,12
ostrokach/pdb2pqr,12
tropy/tropy,12
apache/ambari,12
yade/trunk,12
eressea/server,12
m2osw/snapcpp,12
srikasip/wrapt-gratitude,12
datasift/storyplayer,12
puppetlabs/facter,12
kuali-student/cm-3.0-only,12
gbenga504/color,12
pjsip/pjproject,12
felixonmars/dejavu,12
dorkster/flare-engine-next,12
rollout/sound-redux-cac,12
mikesatx/Jelly4.0,12
lev1976g/NoxicCore,12
oat-sa/extension-tao-testqti,12
unicef/etools-partnership-management,12
bolimage/Ultimate-Maia,12
apache/aurora,12
fosslc/Ingres,12
UBC-Thunderbots/mrftest-old,12
rohit12043/device_lenovo_a6000,12
eternalcodes/EternalJK-New,12
tribe29/checkmk,12
nodiscc/wiki.archlinux.org,12
Mudlet/Mudlet,12
insieme/insieme,12
dash-project/dash,12
mapnik/mapnik,12
casek14/mirantis-tf-zuul,12
aeternity/aepp-cli-js,12
peternokidding/paulless,12
Witness1ess/A,12
ccnmtl/wardenclyffe,12
VictoriaSavage526/Submitty,12
gentoo-mirror/lisp,12
unioslo/cerebrum,12
xwiki-contrib/application-forum,12
InfoWings/Knowledge-Net,12
angvoz/SD80,12
sloloris/verify-deutschified,12
invinst/CPDBv2_frontend,12
LiskHQ/lisk-desktop,12
luci/luci-go,12
wincent/wincent,12
dslm4515/Musl-LFS,12
navikt/veilarbportefolje,12
code-saturne/code_saturne,12
MASD-Project/dogen,12
j3ffhubb/musikernel,12
slsdetectorgroup/slsDetectorPackage,12
mairymano/ECLIPSE.JDT.CORE,12
alexhill2911/external-storage,12
amidabuddha/saga-ics-crc-3.0.16,12
opennem/opennem-fe,12
bisq-network/incubator-bisq-xmr-integration,12
Nuitka/Nuitka,12
MonkeyZZZZ/platform_packages_apps_browser,12
continuous-delivery-in-java/extended-java-shop,12
hmrc/birth-registration-matching,12
Aniverse/lltt,12
TruStory/truchain,12
Ensembl/ensembl-variation,12
launchdarkly/java-server-sdk,12
guildai/guildai,12
jjuran/metamage_1,12
freenet/fred,12
OpenSDE/package-nopast,12
inovexcorp/mobi,12
artifexor/HandBrake,12
atlasapi/atlas,12
pavan-chaser/aws-cli,12
amikey/chromium,12
hashicorp/nomad,12
nushell/nushell,12
dmwm/PHEDEX,12
Cyber4All/learning-object-service,12
eventql/eventql,12
hail-is/hail,12
codecandiescom/elinks-history,12
vivo75/poppler,12
PointCloudLibrary/pcl,12
Samsung/vasum,12
alphagov/asset-manager,12
caowencomeon/tng,12
zendesk/samson,12
VertexOS/android_hardware_qcom_camera,12
beer-money/Beer-Cards,12
wanliu/PianoServer,12
loup99/WtWSMS,12
cMax347/MEPinterp,12
Brightspace/d2l-my-courses-ui,12
couchbase/sync_gateway,12
gentoo-mirror/sage-on-gentoo,12
hmrc/company-registration,12
LIS/lis-next,12
sinmx/plplot,12
cvmfs/cvmfs,12
tinymce/tinymce,12
project-draco-hr/WordPress-Android,12
spring1944/spring1944,12
QwantResearch/erdapfel,12
qri-io/qri,12
klenovic/nucleos,12
htgt/LIMS2-WebApp,12
ParabolInc/action,12
Amber-MD/cpptraj,12
gazhayes/KrazorTest,12
guardian/support-frontend,12
bodhiproject/bodhi-ui,12
sulu/sulu,12
libreswan/libreswan,12
rackspace/rack,12
pyrokitsune777/eduke32,12
bunnyshell/netdata,12
lucyr03/android_device_htc_m7-common,12
ddumitriu/fossil-scm,12
AndySomogyi/FreeWRL,12
mdamour1976/pentaho-consolidation,12
thinktandem/my-kb-bd,12
radareorg/radare2-regressions,12
ello/webapp,12
OpenClinica/OpenClinica,12
andyriffic/CNB,12
Lerocia-Online/server,12
hankyang94/drake,12
findOctave/cortex,12
bderidder/ldm-guild-website,12
appcelerator/titanium_mobile,12
lsst-sqre/ci-scripts,12
PipeWire/pipewire,12
fermi-lat/ScienceTools-scons-old,12
WAVM/Wavix,12
mbielicke/OpenELIS-UI,12
ibm-op-release/op-build,12
sarog/openremote-sf,12
LocalOrbit/localorbit,12
freeserf/freeserf,12
PeterChenTian/go-connections,12
Citrus-CAF/system_security,12
pars-linux/pisi,12
nipy/nipype,12
funtoo/merge-scripts,12
jbosstools/jbosstools-full-svn-mirror,12
bcbio/bcbio-nextgen,12
bigodines/feature-flipper-js,12
Drakulix/zwreec,12
chain/chain,12
Flexberry/ember-flexberry,12
TYPO3-CMS/backend,12
Framstag/libosmscout,12
id-tech-3-tools/map-compiler,12
async-rs/async-std,12
pylam/libtools,12
pazulin/pxt,12
cwi-swat/meta-environment,12
project-hatohol/hatohol-16.01,12
SuperHanss/android_device_sony_fusion3-common,12
spinnaker/halyard,12
jamiemccarthy/empserver-docker,12
hmrc/soft-drinks-industry-levy-frontend,12
doc22940/cocoapods,12
apache/qpid,12
angavrilov/olmar,12
afstamming/android_device_sony_common,12
pivotal-cf/on-demand-service-broker,12
OpenOLAT/OpenOLAT,12
ioan-chera/AutoDoom,12
salesforce/lwc,12
Gleidson2012/svn2git-test,12
nexB/scancode-toolkit,12
rancher/ui,12
apache/incubator-pinot,12
ccnmtl/mediathread,12
Project-Xtended/system_netd,12
thepowersgang/rust_os,12
cloudfoundry/cf-deployment-concourse-tasks,12
aces/Loris,12
Logitech/slimserver,12
nanoc/nanoc,12
gentoo-mirror/waebbl,12
enactjs/enact,12
sourcemage/grimoire-p4_history,12
GreenDelta/olca-app,12
saxingz/java-example,12
wtsi-npg/p4,12
department-of-veterans-affairs/developer-portal,12
dragonpt/android_device_huawei_msm8909-common,12
processone/ejabberd,12
HyrulianTlink/Gracedia,12
WebAssembly/binaryen,12
CollectorsQuest/collectorsquest.com,12
buddy-sandidge/dot-files,12
alphagov/signon,12
Bernhard-St/sepm-group-assignment,12
KnightCaptain/exult-august,12
dlang/phobos,12
freenas/gui,12
Zimbra/zm-ldap-utilities,12
andyCano/TaskApp,12
pflotran/pflotran,12
wheelcomplex/briar,12
ecs-org/ecs,12
okutane/miranda,12
vipncc02153/workSource,12
UTA-FabLab/OctoPuppet,12
weaveworks/weave,12
hello/suripu-service,12
digital-asset/daml,12
cnr-isti-vclab/vcglib,12
ostreedev/ostree,12
puyoai/puyoai,12
Dronolab/Libgphoto,12
CuBoulder/express,12
alphagov/specialist-publisher,12
yzhu1/wgspring,12
miranda-ng/miranda-ng,12
stream-labs/streamlabs-obs,12
freebsd/freebsd-doc,12
yarnpkg/yarn,12
Wasdns/netvm,12
qsl888/freeC,12
rust-analyzer/rust-analyzer,12
jclem/detour,12
hmrc/native-apps-api-orchestration,12
straup/parallel-flickr,12
openGDA/gda-core,12
gladly-team/tab,12
insolar/insolar,12
linux-mailinglist-archives/linux-iio.vger.kernel.org.0,11
dalihub/dali-core,11
ScalableMachinesResearch/TxSampler,11
lingua-pupuli/puppet-editor-services,11
merlindu/openwrt-telephony,11
gitlabhq/gitlab-shell,11
SAP/fundamental,11
bjdag1234/android_device_sprd_sc7731gea,11
snorp/doclava-android,11
cgabriel5/nodecliac,11
nojhan/paradiseo,11
spice-hwheel/spice,11
daniel-infosec/forseti-security,11
echo3/echo3,11
devops-genuine/etcd-operator,11
vmware/open-vm-tools,11
rayon-rs/rayon-hash,11
IntellectualSites/PlotSquared,11
NativeScript/nativescript-cli,11
evilmartians/chef-kubernetes,11
knative/client,11
lammps/lammps,11
sul-dlss-deprecated/revs,11
divio/django-cms,11
phdm/abcmidi,11
pop-team/pop-cpp,11
WordPress/wordcamp.org,11
beehive-lab/Maxine-VM,11
harijoe/carol,11
LorittaBot/Loritta,11
mgurram/meteor,11
duckduckgo/community-platform,11
simonvanderveldt/gentoo-config,11
rusoto/rusoto,11
SophistSolutions/Stroika,11
olinlibrary/futureboard,11
codereader/DarkRadiant,11
kyma-project/kyma,11
tpm2-software/tpm2-tss,11
qt/qtwebengine,11
Doniben/holbertonschool-low_level_programming,11
mercury199/GildRecipeManager,11
zhangninglc/netvirt,11
pkdevbox/icesoft-repo,11
proxyio/xio,11
psi46/pxar,11
KDE/kde-baseapps,11
genometools/genometools,11
paulevmo/webclient_reporting,11
NCEAS/metacatui,11
facebook/zstd,11
DepartmentOfHealth-htbhf/htbhf-applicant-web-ui,11
rilmodem/ofono,11
13824125580/jerry,11
fabientownsend/lunchbot,11
bisonlou/challenge-III,11
OpenVSP/OpenVSP,11
shockbytes/Dante,11
delphidabbler/codesnip,11
kleinerm/Psychtoolbox-3,11
tekezo/Karabiner,11
zoolbia/Ai-price-generator,11
raduprv/Eternal-Lands,11
GrapheneOS/device_google_wahoo,11
nilfs-dev/nilfs2-module,11
rmurphey/mulberry,11
ember-learn/ember-blog,11
apache/hbase,11
Danushka96/Sia,11
gpg/gpgme,11
raccoonrat/cck,11
rust-lang/rust-by-example,11
OpenSpaces/OpenSpaces,11
Zabeus/exultwin32,11
sjudenim/Mods-for-Vivaldi,11
knative/serving,11
dmtcp/dmtcp,11
kdltr/chicken-core,11
ZeitOnline/zeit.content.cp,11
Mirantis/contrail-analytics,11
visualboyadvance-m/visualboyadvance-m,11
clearlinux/swupd-client,11
vmware/vic,11
linux-mailinglist-archives/linux-renesas-soc.vger.kernel.org.0,11
FluidSynth/fluidsynth,11
ds9-extras/carbon-gtk3,11
MIT-SPARK/Kimera-VIO,11
kubevirt/user-guide,11
ufz/ogs,11
TYPO3-CMS/extbase,11
doc22940/semantic,11
aashish24/gdal-svn,11
achimismaili/featureadmin,11
plumed/plumed2,11
NYPL/dgx-homepage,11
PublicInMotionGmbH/ui-kit,11
videolan/vlckit,11
tomlogic/pinmame2,11
zesje/zesje,11
heroku/cli,11
crdschurch/crds-styles,11
dtolnay/syn,11
Opetushallitus/haku,11
openzfsonwindows/ZFSin,11
azatoth/scons,11
perfect090/iReporter,11
azavea/pfb-network-connectivity,11
ultimatepp/ultimatepp,11
ntpsec/gpsd,11
segf/nftables,11
ec-europa/platform-dev,11
AnselemOdims/iReporter,11
erfg12/Trilogy,11
Edools/elegance,11
instructure/canvas-ios,11
BALL-Project/ball,11
pharo-project/pharo-vm,11
magic-lang/ooc-kean,11
opencog/atomspace,11
bitkanda/bitkanda-wallet-ios,11
LLNL/Umpire,11
perkeep/perkeep,11
esjeon/rice-va11halla,11
HexagonRom/android_packages_apps_UnifiedEmail,11
maidsafe/parsec,11
elaforge/karya,11
git-cola/git-cola,11
rkt/rkt,11
mysteriumnetwork/node,11
neutrino-mp/neutrino-mp,11
bettermirror/zsh,11
nareshgbhat/fwts,11
spring/spring,11
MCSclimate/MCT,11
najahiiii/binutils,11
abutaufique/my_kwiver,11
ksonnet/ksonnet,11
Diatrus/apt,11
gzgithub/android-platform-sdk,11
moderntribe/the-events-calendar,11
asfadmin/ASF_MapReady,11
HPCToolkit/hpctoolkit-externals,11
qutebrowser/qutebrowser,11
earaujoassis/space,11
khwilo/ireporter-API,11
libuv/libuv,11
eclipse/scout.rt,11
iracigt/smlnj,11
iclcv/icl,11
sqeazy/sqeazy,11
gatsbyjs/gatsby,11
naev/naev,11
3filiatd/webkit,11
onap/sdc,11
python/mypy,11
usnationalarchives/federalregister-web,11
EricCousineau-TRI/eigen,11
josephmckenna/midas_mirror,11
linuxwacom/xf86-input-wacom,11
Ultimaker/Cura,11
duckduckgo/zeroclickinfo-spice,11
uw-it-aca/myuw,11
project-draco-hr/ignite,11
zaklaus/daggerfall-unity,11
UBC-Thunderbots/Electrical,11
acemod/ACE3,11
upfluence/ember-upf-utils,11
bareos/bareos,11
OLSR/olsrd,11
mozilla/addons-frontend,11
hello/suripu-workers,11
KohaAloha/MoarVMx,11
bdelacretaz/sling-builder,11
joncampbell123/dosbox-x,11
darrensimio/blog-content,11
sasobadovinac/occt,11
18F/culper,11
EnMarche/en-marche.fr,11
simul/icu,11
rust-lang/rust-clippy,11
android-808/hildon,11
starlingx-staging/stx-config,11
codalab/codalab-competitions,11
DataDog/datadog-agent,11
epfl-lara/stainless,11
vgteam/vg,11
marcelacbarbosa/sonarqube,11
netsurf-browser/netsurf,11
garyclee/opensaf,11
tonyjbutler/mahara,11
sslokhan/openmrs-module-coreapps,11
LGoodacre/context-sequencer,11
namhyung/uftrace,11
hudji/server,11
BackupTheBerlios/scthangband,11
evergreen-ci/evergreen,11
myrull/android_device_oppo_neo5,11
bodomartin/cheml-ucif,11
lookit/exp-addons,11
Azure/aztk,11
heimdal/heimdal,11
bvcms/bvcms,11
aaronps/netpanzer,11
pivotal-cf/om,11
alexey-lysiuk/uhexen2,11
sebastianmarkow/dotfiles,11
bluekitchen/btstack,11
mbeddr/mbeddr.core,11
mp-lee/pinmame,11
johnmdilley/xenrt,11
mcarlson/openlaszlo,11
respec/BASINS,11
svn2github/open64,11
mssch/kismatic,11
cms-sw/cmssw-config,11
gavioto/oscada,11
linux-mailinglist-archives/linux-input.vger.kernel.org.0,11
AugurProject/augur,11
mysteriumnetwork/mysterium-vpn,11
couchbase/ns_server,11
iar-wain/orx-test,11
christopherhjung/CuraEngine,11
ExpoSEJS/ExpoSE,11
misterbisson/bsocial-comments,11
chu11/opensm-snapshot,11
sneezymud/sneezymud,11
KDE/kexi,11
mulesoft/mule,11
orientechnologies/orientdb,11
minj/foxtrick,11
wercker/wercker,11
open-apparel-registry/open-apparel-registry,11
vrjuggler/vrjuggler,11
clearlinux-pkgs/acrn-hypervisor,11
project-draco-hr/h2o-3,11
numenta/htmresearch-core,11
sria91/nano,11
launchdarkly/go-server-sdk,11
MinecraftPortCentral/GriefPrevention,11
opal/opal,11
WohlSoft/PGE-Project,11
chemecse/piglit,11
flywheel-io/core,11
OpenTechFund/opentech.fund,11
tensorflow/tensorboard,11
WormBase/wormbase-pipeline,11
linuxmint/cinnamon,11
Starlink/ORAC-DR,11
mozilla/mozillians,11
project-draco-hr/mule,11
lale-help/lale-help,11
arielmakestuff/pathlib,11
facebook/flipper,11
snort3/snort3,11
quanganh2627/baytrail-i-x64-kitkat_vendor_intel_hardware_rapid_ril,11
bvanassche/scst,11
localvoid/ivi,11
smartcontractkit/chainlink,11
links-lang/links,11
re-motion/Trunk-SVN2Git,11
vectorgraphics/asymptote,11
ROCmSoftwarePlatform/MIOpen,11
mgormley/pacaya-nlp,11
cortexproject/cortex,11
AFLB/cm_device_sony_blue-common,11
Multimegamander/Guide-Home,11
JohnnyonFlame/odamex,11
elprans/grit,11
Kitware/TeleSculptor,11
libressl-portable/openbsd,11
thought-machine/please,11
mitodl/open-discussions,11
GoogleContainerTools/skaffold,11
multnomah-fellowship/casecompanion,11
mistio/mist.ui,11
finnishtransportagency/viite,11
couchbase/libcouchbase,11
kalsmic/iReporter,11
rustwasm/wasm-bindgen,10
Applicature/sprouts-wallet,10
pivotal-cf/pivotal-ui,10
Alfresco/alfresco-ng2-components,10
gbeauchesne/mpfr,10
spryker/spryker-shop-core,10
FarmBot/Farmbot-Web-App,10
TypesettingTools/Aegisub,10
alexleutgoeb/WellDone,10
ocadotechnology/hexagonjs,10
cismet/cids-custom-wuppertal,10
khades/servbot-frontend,10
bazurbat/jagen,10
BlissRoms/platform_vendor_nxp_opensource_packages_apps_Nfc,10
dvsa/olcs-common,10
BrewBlox/brewblox-ui,10
dmwm/WMCore,10
unexpectedjs/unexpected,10
void-linux/xbps,10
rimmed/eflete,10
davidosomething/dotfiles,10
midwan/amiberry,10
quartictech/platform,10
AospExtended-i9300/platform_system_core,10
jrasmusson/ios-starter-kit,10
zkoss/zk,10
mpi2/PhenotypeData,10
sandia-minimega/minimega,10
iipc/webarchive-commons,10
testwhat/desugar,10
Vizzuality/forest-atlas-landscape-cms,10
alliedmodders/sourcemod,10
amyvmiwei/miwei_temp,10
Bedework/bw-calendar-engine,10
sparkswap/broker,10
LabShare/IMOD,10
wikimedia/mediawiki-extensions-Echo,10
wayland-project/weston,10
nlohmann/bpel2owfn,10
skurfuerst/TYPO3.Neos_OLD_TO_MIGRATE,10
userGrootBaby/jquery-ui,10
hmrc/customs-data-store,10
InformedSolutions/OFS-MORE-Childminder-Website,10
project-flogo/flogo-web,10
tylerbenson/vyllage,10
drmingdrmer/homefolder,10
ChromeDevTools/devtools-frontend,10
bjc/prosody,10
dipalig/audacity,10
volta-cli/volta,10
hartwigmedical/pipeline5,10
freedomofpress/securedrop.org,10
golang/dep,10
daos-stack/daos,10
reviewninja/review.ninja,10
caetanosauer/fineline-zero,10
travisfw/wayback-machine,10
OpenGeoscience/geojs,10
openlattice/conductor-client,10
OpenRA/OpenRA,10
solana-labs/solana,10
real-logic/aeron,10
moneyadviceservice/mortgage_calculator,10
codekandis/phlags,10
Cosmic-OS/platform_system_libhidl,10
vizorvr/patches,10
sdd330/sctp-refimpl,10
globus/globus-toolkit,10
imsky/git-fresh,10
andela/troupon,10
simpledotorg/deployment,10
processhacker/processhacker,10
ibm-js/delite,10
openssh/openssh-portable,10
LibertyEiffel/Liberty,10
jven/studyopenings,10
kubernetes/cluster-registry,10
lukeymas99/Rsps,10
synfig/synfig,10
mwanner/monotone,10
stohrendorf/EdisonEngine,10
giordano/auctex,10
XronosSchedulingLtd/scheduler,10
yuzu-emu/yuzu-nightly,10
ray-project/ray,10
brho/akaros,10
cfpb/wagtail-flags,10
dasys-lab/alica,10
msys2/MINGW-packages,10
MediaPortal/MediaPortal-1,10
lmilia0/rosarioparticipa,10
cylc/cylc-flow,10
PixarAnimationStudios/USD,10
devopssravanthi/Hydieia-Repository,10
spkansas/SWGEmu,10
cah-rfelsburg/hyperic,10
Provenance-Emu/Provenance,10
kdavis-mozilla/core-ajtcl,10
dune-project/dune-pdelab,10
rock-core/tools-roby,10
streamlit/streamlit,10
HarryGull/itr-fesub-backup,10
tempesta-tech/tempesta,10
ing-bank/rokku,10
markphip/testing,10
rtoy/cmucl,10
nasa/mmt,10
brunoduran/mlterm,10
libertine-linux-mirrors/nasm,10
lucastheisen/apache-directory-server,10
danfis/fast-downward-mirror,10
Particular/NServiceBus,10
akeneo/pim-community-dev,10
candycandy2/Cat,10
nubecoder/nubernel-2.6.35,10
Wolframe/Wolframe,10
oe-lite/base,10
hmcts/sscs-bulk-scan,10
jpapejr/razee-samples,10
codefollower/H2-Research,10
Zimbra/zm-amavis,10
SURFnet/sp-dashboard,10
kwsch/PKHeX,10
libMesh/libmesh,10
stegmannt/kopete-xep0280,10
Lane-Library/laneweb,10
openshift/origin-server,10
TangereJs/at-form-checkbox,10
jacobenget/flex-sdk,10
kbase/narrative,10
guhl/android_kernel_htc_vision,10
hmrc/paye-registration,10
bazelbuild/rules_cc,10
openebs/openebs,10
muchrons/ACARM-ng,10
QuantConnect/Lean,10
opencollective/opencollective-frontend,10
slothdabski/device_google_crosshatch,10
NERC-CEH/datalab,10
aerys/minko,10
bungeni-org/bungeni-wiki,10
MichaIng/DietPi,10
Cryptonomic/Conseil,10
shopware/storefront,10
jupyterlab/jupyterlab,10
hmrc/paye-registration-frontend,10
pentaho/pentaho-platform,10
webdeveloper-eng/d_exam,10
bigbluebutton/bigbluebutton,10
openstack/openstack-helm-infra,10
navikt/pam-stillingsok,10
graknlabs/grakn,10
UN-OCHA/iasc_cms,10
nilqed/MaximaCode,10
landlessness/ashore,10
Lexxie9952/fcw.org-server,10
hirthwork/etc,10
gdssafsaf/re,10
DanielAdolfsson/MonoGame.Framework.CoreGL,10
AaronDP/ipfire3-arm,10
JaneliaSciComp/Wavesurfer,10
quozl/netrek-server,10
Guilucand/heapless,10
envato/iodized,10
rsikka99/work,10
shl0309/bitbake,10
espes/jdget,10
umbraco/Umbraco-CMS,10
HiP-App/HiP-CmsAngularApp,10
bitprim/bitprim-rpc,10
BRAINSia/BRAINSTools,10
astropy/astropy,10
HSLdevcom/digitransit-ui,10
google/WebFundamentals,10
souravmunjal/clonecat,10
blazegraph/database,10
LunchBadger/lunchbadger-ui,10
mariadb-corporation/MaxScale,10
floratos-lab/geworkbench-components,10
jembi/bsis-frontend,10
advancedtelematic/ota-plus-server,10
lightningnetwork/lightning-rfc,10
serverdensity/sd-agent,10
nhsuk/connecting-to-services,10
kevinjohnston/emacs-config,10
chronotope/chrono,10
lattice/quda,10
aryantaheri/monitoring-controller,10
nRaecheR/RyzenELEC,10
netguru/access,10
bcd/freewpc,10
tektoncd/cli,10
dalek-cryptography/curve25519-dalek,10
pars-linux/uludag,10
giantswarm/gsctl,10
xaraya/core,10
coin-or/CppAD,10
GamingDevilsCC/android_device_lge_g3-common,10
KonkerLabs/konker-platform,10
brazilofmux/tinymux,10
rapidpro/rapidpro,10
NGSolve/ngsolve,10
GearCM/android_device_samsung_i9500,10
ome/bioformats,10
dylan-lang/opendylan,10
gentoo-mirror/unity-gentoo,10
semi-technologies/weaviate,10
swaywm/wlroots-rs,10
wee007/wfhack,10
ntd/adg,10
OpenBricks/openbricks,10
alown/mypaint,10
kubevirt/kubevirtci,10
stdlib-js/stdlib,10
meganz/sdk,10
elginsk8r/android_device_oneplus_oneplus3,10
vriesmarcel/PluralsightCD,10
JDRF/spirit,10
oe-lite/core,10
GunGame-Dev-Team/GunGame51,10
yassirchekour/spaCy,10
Bitbloq/bitbloq-space,10
AscEmu/AscEmu,10
uu/ubuilds,10
mozilla/fxa-shared,10
navit-gps/navit,10
Terasology/LightAndShadow,10
deliciousmods/1956_beta,10
SUSE/scf,10
opencontainers/runc,10
kzaleski/icarus,10
pombredanne/busybox.net-trunk-udhcp,10
opnfv/releng,10
alphagov/datainsight-frontend,10
AlchemyCMS/alchemy_cms,10
qt-labs/messagingframework,10
impress-org/givewp,10
LINBIT/linstor-server,10
VowpalWabbit/vowpal_wabbit,10
ossec/ossec-hids,10
MAPC/digitalhub,10
FiendsOfTheElements/FF1Randomizer,10
Alwnikrotikz/bungeni-portal,10
hyperledger/indy-sdk,10
xiaomi-msm8998/device_xiaomi_msm8998-common,10
ezQuake/ezquake-source,10
kyegupov/unity,10
jrie/flagCookies,10
project-draco-hr/kotlin,10
zeroc-ice/ice,10
rayaxiom/oomphlib,10
hmcts/sscs-tribunals-case-api,10
pivotal-cf/on-demand-service-broker-release,10
firewalla/firewalla,10
radiganm/tig,10
nico0129/Quantlib,10
nlohmann/service-technology.org,10
reverbrain/eblob,10
hmrc/agent-subscription-frontend,10
TipsyOs-Devices/device_lge_v500,10
crystal-lang/crystal,10
gtk2hs/webkit,10
jondo2010/ogre,10
OpenNeuroOrg/openneuro,10
marcel303/framework,10
harmony-one/harmony,10
giuliomoro/purrdata,10
izabayogit/Broadcaster--UI,10
whyzcandy/vcglib,10
Rxavio/Teamwork,10
progressonderwijs/ProgressOnderwijsUtils,10
geodynamics/specfem3d_globe,10
microsoftgraph/microsoft-graph-docs,10
Pandos/wedge_dev,10
2600hz/kazoo-ui,10
richardlalancetteyoui/foxbare,10
cyverse-archive/DE,10
Jahia/jahia,10
rjoson08/test-owdev,10
urbanairship/ios-library,10
AOSP-CAF-SAGIT/external_wpa_supplicant_8,10
sellvana/sellvana,10
collectd/collectd,10
hyperium/hyper,10
continuouspipe/continuouspipe,10
LN-Zap/zap-desktop,10
wmde/FundraisingFrontend,10
Harvey-OS/harvey,10
wireapp/wire-ios-data-model,10
u-root/u-root,10
bmugenya/Teamwork,10
johnmcfarlane/crag,10
cocos-creator/creator-docs,10
akvo/akvo-flow,10
tianyuan0322/bioportal,10
marekjm/viuavm,10
MLstate/opalang,10
spadia/spadia.github.io,10
bazelbuild/continuous-integration,10
bitmovin/bitmovin-player-ui,10
cmusatyalab/openisr,10
trmcnealy/Featflow2,10
OXOIndustries/TiTS-Public,10
Osndok/vym,10
Rust-SDL2/rust-sdl2,10
wfit/BigWigs,10
cpputest/cpputest,10
omnetpp/omnetpp,10
gobolinux/Scripts,10
mmatuska/vzctl,10
Sphereserver/Scripts,10
ngageoint/opensphere,10
pikelang/Roxen,10
lwindolf/liferea,10
apple/foundationdb,10
exponentcms/exponent-cms,10
BlueDragonX/fm-flags,10
Vaxia/vaxia,10
altMITgcm/verification,10
trueos/pcbsd,10
mitmproxy/mitmproxy,10
goharbor/harbor,10
typearea/dembelo,10
johan-boule/waf-history-until-version-1.6.7,10
tom-seddon/b2,10
rapidpro/ureport,10
jhu-lcsr/costar_plan,10
knossos-project/knossos,10
paralleldrive/react-feature-toggles,10
exponential-decay/the-format-registry,10
projectcontour/contour,10
rusingineer/SDL,10
openstack/fuel-library,10
christofferholmstedt/inkscape,10
52North/SOS,10
fsouza/go,10
cmusatyalab/coda,10
dib-lab/khmer,10
project-everest/mitls-fstar,10
Brightspace/brightspace-integration,10
gbrigens/orahi,10
chpladmin/chpl-api,10
BCS-io/letting,10
akfreas/Specs,10
spinnaker/orca,10
DamienCassou/AUCTeX,10
psibi/stack-issue-debug,10
paritytech/parity-common,10
ezaurum/dragon,10
dgault/jhdf5,10
janisozaur/ja2_1.13,10
jgwhite/frontend-development-playbook,10
linesh-simplicity/frontend-practices,10
spechub/Hets,10
angular/material2-builds,10
Mattlk13/runtime,10
moderntribe/event-tickets,10
Minds/front,10
svn2github/gwyddion,10
RBKC-WCC-SharedIT/rbkc,10
AndroidOpenSourceSnda/android_modem_u8500,10
LightningPeach/peach-wallet-desktop,10
eclipse/orion.client,10
devictr/fst-jit,10
shubhangipriya/horizon,10
opnfv/opnfvdocs,10
Tulip-Dev/tulip,10
exercism/rust,10
Zimbra/zm-zimlets,10
ncsa/clowder,10
WangLiang85/testtest,10
openstreetmap/osm2pgsql,10
snes-emu/gose,10
navikt/soknad-kontantstotte,10
project-draco-hr/ambari,10
DCurrent/openbor,10
folkekirkensit/flow,10
ripple/ripple-client-desktop,10
lavinrp/ag_vcpkg,10
mesg-foundation/engine,10
iduwei/weka,10
SkillsFundingAgency/CFS-Frontend,10
Crown-Commercial-Service/crown-marketplace,10
chipsi007/zikula-core,10
arnaudlimbourg/formidable-ui,10
ua-snap/dvm-dos-tem,10
